,time,flux,flux_err,gp_st_dev
0,-0.6105405295683174,-0.06486031996589116,0.122512420218553,0.03923101559437856
1,-0.34415406638572854,0.38036342480153573,0.12267273885901453,0.039236857555445405
2,-0.07776760337757707,0.9052412119315003,0.1231816983912858,0.03920271389267574
3,0.1886188597177931,0.8852391100399347,0.1229922112041735,0.03912842333906304
4,0.45500532272594457,0.5957767038087701,0.12298486939970693,0.03901411738991039
5,0.7213917857340961,0.4751117328719215,0.12286870995216248,0.038860220525414574
6,0.9877782489602942,0.5239556795745124,0.12292824810326723,0.03866745122527086
7,1.2541647120992738,0.3673869453901588,0.12272930597239542,0.038436823724258364
8,1.5205511751074252,0.33571257000499993,0.12279283560883134,0.038169650404593594
9,1.7869376382464048,0.18219002415727525,0.12269370770276779,0.037867544668309924
10,2.053324101210947,0.12465136364653404,0.12282735924779288,0.037532424059420866
11,2.3197105642190983,0.1524928780914524,0.1227277617552198,0.03716651331763212
12,-0.7971965274376334,0.053028098905847004,0.02195894680943316,0.008569672951697836
13,-0.5843650400026983,0.06264718823665455,0.02196322995673152,0.008726598201206527
14,-0.3715335168895382,0.05609737333477767,0.021949283887002503,0.00887876699570082
15,-0.15870199374153607,1.1028548977511874,0.02241187025547798,0.009025669793978222
16,0.05412949379792505,0.7494524364420395,0.022261887422196522,0.009166832978408238
17,0.26696101687624313,0.6525547123909334,0.022263161706969677,0.009301817393104862
18,0.4797925043460202,0.8109399630172384,0.022294589219518258,0.00943021672208022
19,0.6926240276333904,0.6375465164880716,0.02224255996227212,0.009551656297839994
20,0.9054555507465505,0.48579300264418995,0.02214503922314327,0.009665791674005208
21,1.1182870381118015,0.4394083552882764,0.022173113864729782,0.009772307525050487
22,1.3311185612598035,0.31992732110294697,0.022085711495821232,0.009870916627431841
23,1.5439500486947386,0.2323072195920797,0.022045964793327755,0.009961358774545275
24,1.7567815718775828,0.22930814644616065,0.022039738725139525,0.010043400046020582
25,1.9696130594867278,0.20500540220260652,0.022014878059089867,0.010116831919926003
26,2.182444582530204,0.19150888458418952,0.022039179913312515,0.010181470708597616
27,2.39527610557368,0.1546705272155075,0.022000720416096867,0.010237156882953485
28,2.608107593113141,0.08718622730496514,0.021960544106823087,0.010283754613403891
29,2.820939116191459,0.09166338638975541,0.021979790813593292,0.010321151363646815
30,3.033770603661236,0.07646253832486853,0.02194360371013661,0.010349257493331737
31,3.2466021269486065,0.08492311630774503,0.021955238624592647,0.010368006034355639
32,3.4594336143486997,0.07789036147616987,0.021965786601593252,0.010377352450197596
33,3.6722651374270177,0.10912409689561818,0.021982247324543822,0.010377274526774435
34,3.88509666057502,0.08117871062072887,0.0219580229933492,0.010367772290581272
35,4.097928148184165,0.04206601940625934,0.021946312170928222,0.010348868020441077
36,4.310759671401851,0.05042980360176319,0.02191663700182562,0.010320606297676622
37,4.523591158801944,0.02818260453092866,0.021914372683382064,0.010283054166371574
38,4.736422681915104,0.038199673662912624,0.021949640815944034,0.010236301298389563
39,4.94925416935004,0.055110832879291756,0.021939732403924633,0.010180460317318688
40,5.162085692428358,0.04757340554353728,0.02192342188184086,0.010115667082407687
41,5.374917215715727,0.03586051924059542,0.021930788184566286,0.010042081173097784
42,5.5877487031506625,0.010812396161214606,0.021924124434282335,0.00995988637037124
43,5.800580226263823,0.07136220592040342,0.021965206793946153,0.00986929119473533
44,6.013411713803284,0.038040162546657784,0.021937258127280177,0.00977052968050135
45,6.22624323684676,-0.0018409333135429424,0.021906681752976786,0.009663862021480372
46,-0.7172656294516838,-0.06592763679510846,0.059011419293247235,0.01849884214187339
47,-0.10109567212540832,0.8414985167150132,0.05944630927237837,0.018488733456111187
48,0.515074181505098,0.5997830652319578,0.05930102277935017,0.018462021637325136
49,1.1312441382261453,0.2952774290466735,0.05921025767433067,0.018418556942945058
50,1.747413992260137,0.2974544486414084,0.0591643795515322,0.01835831099717455
51,2.363583846092386,0.1654364678667068,0.05912552164714686,0.018281380559549833
52,2.9797538034186615,0.22586516353918795,0.059145686380554216,0.0181879911875937
53,3.5959236572509106,0.15514636252088534,0.05911576172574019,0.018078500830691277
54,4.212093614173701,0.061123734212551475,0.059056267322345125,0.017953403137495813
55,4.828263467905078,0.10163249618691418,0.05920122487788912,0.017813330891291175
56,5.444433424827868,0.06511277550044133,0.05903480847962487,0.017659058932523494
57,6.0606032789627315,0.09757876111404516,0.059117376116287736,0.01749150712602069
58,-1.1195862777889056,0.030214464834355022,0.029272884356036036,0.009216531583156313
59,-0.48711097664538566,0.14155790519875075,0.02932510171761762,0.009326009533240136
60,0.1453644311450788,0.9367873746223807,0.029675338553409033,0.009429156925468295
61,0.7778397329098431,0.4223086974448044,0.02945281640487589,0.00952527906637639
62,1.4103150341569037,0.2733422221102128,0.02939551911728127,0.009613746382882227
63,2.0427904414296645,0.21680800027967806,0.02934970567085044,0.009693993578772138
64,2.6752657429873477,0.12208858173768637,0.029307924081486803,0.00976551862361174
65,3.307741044337949,0.08903044508672865,0.029313917324724072,0.009827881772206861
66,3.9402164520248726,0.16080305115722,0.02934627057140752,0.009880704451376796
67,4.572691753479015,0.10447598367940063,0.029348807326039717,0.009923668230404081
68,5.2051670551402385,0.07679940081686593,0.02929585631619604,0.009956513966434816
69,5.837642462412999,0.13406496720356634,0.029299270026476802,0.009979040997681588
70,6.47011776366006,0.03656613303704412,0.029278377092878765,0.009991106527124725
71,7.102593065114202,0.0947448345881713,0.02931023197208388,0.009992625209444786
72,7.735068472594045,0.037484507192627824,0.02926630718867179,0.009983568884819468
73,8.367543774255267,0.018855169314394904,0.029280126726343465,0.009963966540448782
74,9.00001907570941,0.010819498262031314,0.029236986925182652,0.009933904449963199
75,9.63249448287863,0.015090342051765087,0.02924018888275803,0.00989352651796454
76,10.264969784332772,0.027800100810666944,0.029255918472610602,0.009843034851580765
77,10.897445085786915,0.04309838525938734,0.029297404891536438,0.009782690450499587
78,11.529920387551678,0.02165861364023383,0.029250402207689503,0.009712814136663373
79,-0.5077437440510502,0.002549040991675644,0.057408855547603825,0.02268002618434804
80,-0.28808813466098027,0.47684599666317623,0.05769224468139493,0.02321601195063873
81,-0.06843252519899198,0.9660604799316721,0.057846448573364594,0.0237473130816518
82,0.1512230841910779,0.7939753237119879,0.05775745818486262,0.024272307484691728
83,0.3708786936530662,0.7797002211303208,0.05776507962242443,0.024789466271902257
84,0.5905342661489993,0.4774778971537923,0.057674797464844184,0.0252973497381059
85,0.8101898754311916,0.51067748301782,0.057606854578324006,0.02579460367352823
86,1.0298454848572207,0.3342837912662538,0.05757504372302225,0.0262799548608201
87,1.2495010943911273,0.22757196369903746,0.057509351014896494,0.026752207550811535
88,1.4691567037811972,0.24458259841301785,0.057524310534222314,0.027210239693896313
89,1.6888122762771303,0.217984556150941,0.05752521060558008,0.02765299940451832
90,1.9084678857750776,0.21230256098289998,0.05752752328892989,0.02807950202934745
91,2.128123494985352,0.17362692739886817,0.057484436539673923,0.028488826720178752
92,2.3477791043035032,0.2004266991489255,0.057522010351863585,0.028880113999993615
93,2.5674347138374096,0.3166649952569297,0.05759675377753131,0.029252563189047388
94,2.78709028647718,0.1247298277235856,0.05762623528149514,0.029605430077043155
95,3.0067458957953312,0.054624806511505274,0.05753060686672964,0.029938025104645907
96,3.226401505185401,0.272657618078078,0.05768629004264379,0.030249711157790998
97,3.4460571145035526,0.21821580320189873,0.057517064126392896,0.03053990214544639
98,3.665712723821704,0.1619819592313706,0.05751767250795879,0.03080806145422348
99,3.885368296533392,0.12301455282029045,0.05748051539547181,0.031053700586598284
100,-1.265392325873572,0.022210684185227654,0.02471123463385105,0.006687233248056795
101,-0.26760095742423606,0.5398052736378237,0.024956508756098925,0.0067328859137975065
102,0.7301902440858977,0.5165879769388318,0.02494975308994264,0.006772915957041278
103,1.7279814455960316,0.1830451701004037,0.02480374203173126,0.006806904334739199
104,2.725772814862095,0.08769440412292347,0.024748313033360846,0.006834501961178781
105,3.7235640170256117,0.05752342666778689,0.024755372606171423,0.006855429891041242
106,4.721355385474947,0.062057581186311356,0.02473381489826493,0.006869479366224579
107,5.7191465868217355,0.07014647808479745,0.024745985465926212,0.006876511722131275
108,6.716937788821906,0.09073217815372091,0.024755569251653613,0.006876458323594043
109,7.714729157761279,0.07535772573041823,0.024730334273230188,0.006869320493504249
110,8.712520359598104,0.03254867518866018,0.024725255456731113,0.006855169507023378
111,9.710311728700821,0.03745586978311771,0.024726158238262977,0.006834146609288284
112,10.708102930537647,0.044101911248741056,0.02473867204167499,0.006806463085413402
113,-0.4510384474323328,0.01098601913162568,0.05895400258667618,0.01876508079868561
114,-0.07476510412238979,0.9654052236333363,0.059471415902270904,0.01900419854895727
115,0.3015082392491518,0.5965522879829147,0.0594162871737814,0.019229315973387576
116,0.6777815830518841,0.4257680582961123,0.05931710686457814,0.01943911341236925
117,1.0540549264850243,0.4331706547107828,0.059196504739432686,0.019632398162642214
118,1.430328269856566,0.32415126601048966,0.059153356978587715,0.019808101792772953
119,1.8066016134129035,0.2982421450993081,0.05917232006180629,0.019965277350552466
120,2.182874956784445,0.2354045812326126,0.05912360374252804,0.020103096614561403
121,2.559148300094388,0.19910960144352954,0.05907010274650365,0.020220847502186046
122,2.9354216438355216,0.23324835949786413,0.059098463842955015,0.02031793171295726
123,3.311694987453458,0.26744094000369173,0.05907062533429508,0.02039386266598641
124,3.6879683308249995,0.14051853947038995,0.0590317096778594,0.02044826377204599
125,4.064241674319739,0.2372367195651036,0.05912604105771922,0.02048086706684404
126,4.440515017814477,0.18368210285448397,0.05909134037166689,0.02049151222400575
127,4.816788361370815,0.35464258760116196,0.05909461725412956,0.020480145959430443
128,5.193061704988751,0.09284661185453211,0.05903109285292526,0.02044682183278105
129,5.5693350485450885,0.06568631027830547,0.05905018872484493,0.020391700448200645
130,5.945608391855032,0.1863183014616675,0.05911695574046,0.020315050052606944
131,6.321881735288172,0.19672173886128794,0.0590332774412337,0.02021724752511376
132,6.698155078782911,0.08257304652954091,0.05908435397258637,0.020098779746934924
133,7.0744284222776495,0.08325861395246209,0.058985876158447,0.0199602453336129
134,7.4507017658955865,0.049683363244412956,0.05896404740938852,0.019802356701947733
135,-0.4875760361285248,0.007900730709119373,0.05856335914612851,0.01637834264134171
136,-0.1780373102564049,0.8195821613429586,0.05896731317009475,0.016524842316752525
137,0.13150136387785036,0.8083053116221915,0.058916265604323115,0.016658423893241507
138,0.44104008954727536,0.7026023663147142,0.058811058482139245,0.016777901765811305
139,0.7505787633268146,0.5523832741380458,0.05881086529513591,0.016882240477448355
140,1.060117489097587,0.36333079146315933,0.05873469921921372,0.01697055469548688
141,1.3696561630291475,0.36812663177375715,0.05871667823157686,0.017042108436261222
142,1.6791948888505936,0.17351824929485335,0.05864117571101394,0.017096314335375562
143,1.9887335627314804,0.1670729958744758,0.05862024011945725,0.017132732677447384
144,2.298272288451579,0.2946739673290483,0.05870606974526348,0.01715107070264592
145,2.607810962180445,0.12823624433437208,0.05860707400520846,0.017151181996330433
146,2.9173496880525644,0.031838242973421194,0.05865108704422834,0.01713306621613995
147,3.226888361933451,0.20644137792360762,0.05868064885545553,0.017096869088137935
148,3.5364270877042236,0.2028656290027764,0.058660486011912163,0.017042882672377236
149,3.8459657616864575,0.11873421340833756,0.058657260628900025,0.016971545965345333
150,4.15550448745723,0.09268481445665866,0.058645085647972675,0.01688344558627798
151,-0.4644506886072758,0.1394948266312089,0.08327831695068105,0.022954470313307784
152,0.039547025475794285,0.9586301343626273,0.0836515200942605,0.023146625535695558
153,0.5435447394763563,0.49645659409687287,0.08353188120608908,0.023320445244631633
154,1.0475424536419344,0.3660739878303079,0.08358815570640675,0.023474323195091282
155,1.5515401676424965,0.2911329650422021,0.08343639891633696,0.02360686915733009
156,2.0555378814780423,0.2516404850932955,0.08339536530302198,0.023716908887427723
157,2.559535595313588,0.31846785088407986,0.08347063311409683,0.023803483475966784
158,3.0635333096441824,0.06949609791004062,0.08329509911758291,0.02386584840893687
159,3.5675310236447446,0.2819768903947873,0.08337908108808754,0.023903472592904682
160,4.071528652992031,0.2925453171177353,0.08341900616547505,0.023916037527494924
161,4.575526367157609,0.13348955295595968,0.08335452138569462,0.023903436751478026
162,5.0795240809931546,-0.04356629928379119,0.08325442711224429,0.023865775612971218
163,5.583521794828701,0.05418365346089494,0.08331304317240874,0.02380337142837414
164,6.0875195091592955,-0.057442389430514086,0.08325385802428152,0.023716753964084028
165,-0.5505744320418141,-0.004388489582902534,0.011031787123010254,0.0039239521070410675
166,-0.02671721557289621,0.9288040560784574,0.011456428351505813,0.003988005461338628
167,0.4971399127349037,0.49100115496637076,0.011242459553534775,0.004049571829009764
168,1.0209971286892625,0.3728629904456464,0.01120208235860121,0.0041083767399094084
169,1.5448542571685822,0.33239768896480654,0.011185829481695261,0.004164167438569229
170,2.068711472951421,0.339319842050481,0.011188491042171138,0.0042167122346123765
171,2.5925686010877014,0.28670762469771643,0.011161198475291336,0.004265799703367853
172,3.1164258175566193,0.2239678609247686,0.011148527133025752,0.004311238055239377
173,3.6402829462932185,0.18643085438294615,0.011130536802666298,0.0043528544079504405
174,4.164140162161818,0.16706345551052906,0.011106226506034,0.004390494234106855
175,4.687997290298098,0.14445925503022303,0.011119420241535845,0.004424020746929247
176,5.211854418777417,0.10108184490849804,0.011097273909290457,0.004453314445675066
177,5.735711634646016,0.09109328195526142,0.011080227523671203,0.004478272653294124
178,6.259568763039576,0.06122693496222812,0.011054695554249046,0.004498809127717597
179,6.783425979594254,0.04274633448011626,0.01104696463029536,0.004514853770219613
180,7.831140235952574,0.05881920869132942,0.011048295410533298,0.004533266270113885
181,8.354997451906932,0.010001560384054822,0.0110307960636902,0.004535572524787964
182,8.878854580214734,0.02822310784062378,0.011042055621703363,0.004533263508279531
183,9.402711708779812,0.018130632379899873,0.0110533895711584,0.004526347046508757
184,9.92656892481993,0.0204353350105395,0.01103272362860627,0.004514846413125879
185,10.45042605329925,0.013776190451546103,0.01102876187104078,0.004498800428105482
186,10.974283181435531,0.011795819207519579,0.011037358215434915,0.004478263593653881
187,11.49814039738989,-0.00011372884590385123,0.011035928246607814,0.004453306302781226
188,12.021997526040728,-0.001646027724133734,0.011021357442859755,0.004424015121042566
189,12.545854654605808,-0.01678484359685485,0.011027654265128459,0.004390493087699193
190,13.069711870560168,-0.017309755642296563,0.011033816356230217,0.004352860112298602
191,-0.7094571992301637,-0.027556477396297685,0.050168789480172594,0.013833603443899334
192,-0.35372403968183985,0.4163026657605993,0.050398008287538064,0.013936182208734127
193,0.0020091198664840817,0.9039865501973284,0.050579743910941916,0.014027078598133918
194,0.3577422200134511,0.8535979276657094,0.050594826890851964,0.014105393048928978
195,0.7134753799111947,0.5584604424724118,0.050463193278664636,0.014170367475535644
196,1.0692085395759918,0.3364561468146816,0.050413809155758556,0.014221385148655152
197,1.4249416394900123,0.23059282070707465,0.05029354455028341,0.01425797039440885
198,1.7806747991548095,0.12532751619758703,0.050317070043232,0.014279788132237884
199,2.13640795893608,0.1880129293609775,0.05031862302610763,0.014286643385867435
200,2.4921410589665736,0.03467455575929493,0.05031557566348374,0.014278480969479639
201,2.847874218747844,0.11101536228674666,0.05023127872743958,0.014255385287455707
202,3.203607378412641,0.06896997793780638,0.05023445428440461,0.01421758032868411
203,3.559340478268425,0.052407128637606444,0.050252328238256254,0.014165429805677067
204,3.9150736378749857,0.012522407883500541,0.05026062058078087,0.014099437332793651
205,-4.275554830393982,-0.09568622803435359,0.07654614784020673,0.023100925799972402
206,-3.457597161160954,0.09254129772902187,0.07658181521342018,0.023283902943410623
207,-2.6396393545396064,0.1257490550130802,0.0766062768750809,0.023445224916933974
208,-1.8216815475165382,0.022669713287492527,0.07652103665393484,0.02358369145794747
209,-1.0037237404934702,-0.02187392587299024,0.07650256756281719,0.02369829170738465
210,-0.18576593427384247,0.7005635949684947,0.07687658077804989,0.02378820207532453
211,0.6321917348252779,0.5265937840012279,0.07684975823562858,0.023852784283894847
212,1.4501495421161594,0.29149290662869537,0.07674620706848757,0.023891583757439463
213,2.268107348871414,0.2333700033973601,0.07666999241541675,0.023904328311896275
214,3.0860651552249485,0.08908529869690039,0.07654380955160651,0.023890927429046693
215,3.9040229618462967,0.11896281900299352,0.07662272396784378,0.02385147198036598
216,4.721980631614951,0.06216278436160547,0.07655269391867932,0.023786234500597386
217,5.539938437834579,0.14537073976323073,0.07660118234291328,0.023695669911034525
218,6.357896244723739,-0.09712490314280046,0.07656054469441434,0.02358041682803105
219,7.175854051612901,0.06145084568619314,0.07655027090947764,0.023441299170206938
220,-2.790711181426475,-0.004165161627934307,0.007724994415157858,0.0025800713489403707
221,-2.1949865814736667,0.004528431202245561,0.007718935030899853,0.002618991349005262
222,-1.5992620815817344,-0.005568787667672815,0.007713400641270409,0.002656212909675275
223,-1.0035374822140772,-0.006660973019463792,0.007716226833852835,0.0026915438312913155
224,-0.4078128825538445,0.2698535758418885,0.007831515882295957,0.002724807990124351
225,0.18791161714303709,0.8984719622992294,0.008114838553537174,0.002755844927821636
226,0.7836362169983203,0.4848059076234271,0.00793476083572615,0.0027845094175889956
227,1.3793608166585531,0.2776321055695869,0.00783404737105323,0.002810670988261824
228,1.97508531645296,0.21033524819107502,0.007806903837695021,0.0028342135150526706
229,2.570809916308243,0.1656588476308377,0.007798136826416737,0.002855034830940074
230,3.166534515870951,0.11898943784270334,0.007768501136146392,0.002873046339837012
231,3.762259015372782,0.09644478818722889,0.007754642646016509,0.002888172707715642
232,4.357983615423116,0.05729676742798564,0.007755789539819623,0.0029003515884569323
233,4.953708115217522,0.06292783980530157,0.007745982229738814,0.0029095333728581937
234,5.5494327146827045,0.048187638592256686,0.0077311130821969415,0.0029156810167728702
235,6.145157314342938,0.0365854711907481,0.007726573389230736,0.0029187698875954957
236,6.740881814332395,0.023699329397023097,0.007729835082243372,0.002918787676744351
237,7.336606413797577,0.027255018521588983,0.007729979299008872,0.0029157343500366413
238,7.93233101345781,0.018535979632180295,0.007719107178975667,0.002909622147429709
239,8.528055513642318,0.015470936286821533,0.00771827665001387,0.0029004756322217468
240,9.1237801131075,0.005046642582727237,0.007710393180184309,0.0028883317781393486
241,9.719504612706857,-0.0036659493317770593,0.00770917788317226,0.002873240122243188
242,10.315229212269564,0.0006874626161330943,0.007717745955117895,0.002855262936415435
243,10.910953812417423,-0.008585716607513678,0.0077090080152034095,0.002834475477740012
244,-0.9599355748769896,0.22900128317393245,0.0788517569048546,0.03860565394296314
245,-0.8540343636881992,-0.027098459040776634,0.07881073243994652,0.03945580622993973
246,-0.7481331523780503,-0.10922407406337337,0.07880091188924442,0.04029219345973188
247,-0.6422319410679014,0.015095395677860309,0.07883852152043706,0.04111317171224151
248,-0.5363307475974681,-0.0330955452722611,0.0788584588063982,0.041917187104717285
249,-0.4304295363740039,0.1382624999741271,0.07893915457931695,0.04270277148229251
250,-0.32452832509852886,0.3135221291313323,0.07904565906147289,0.04346853715669625
251,-0.21862711384039077,0.6406925289746754,0.07921136560977733,0.04421317338457251
252,-0.11272592031794666,0.9465475316663023,0.0793027472569077,0.04493544241525734
253,-0.006824709059808571,1.1229867537104348,0.07941154571749494,0.04563417661862498
254,0.09907650223300342,0.9073653816907019,0.07925011351887512,0.04630827472633156
255,0.20497771345646762,0.6086864375604218,0.07914869063451005,0.04695669958209013
256,0.3108789069269009,0.6759146897844436,0.07916352309251899,0.047578475453830676
257,0.4167801182717237,0.7100211213847105,0.07924266825216898,0.04817268622859461
258,0.5226813295818726,0.5329826856011153,0.07912896242000086,0.04873847279537251
259,0.6285825407706629,0.44210611137923556,0.0790642664206979,0.04927503168418258
260,0.7344837342237592,0.4496756845696567,0.07906450452985152,0.049781613281181185
261,0.8403849455339082,0.45805639548971494,0.07907937183310249,0.05025752073504491
262,0.9462861567573724,0.45642436712533185,0.07905917320782639,0.050702108174578396
263,1.0521873680155105,0.442998081554278,0.07907067794522488,0.051114779923534845
264,1.1580885615899654,0.39438618138311543,0.07913620442279538,0.05149498934656488
265,1.2639897728481035,0.34943092830989886,0.07909452951337005,0.051842238210747134
266,1.3698909840715676,0.40959730805725797,0.07906717599840443,0.052156075523040676
267,1.4757921775420009,0.524674791043754,0.07917851235411692,0.05243609706233079
268,1.581693388834813,0.48011108564229066,0.07915777362758993,0.0526819449013697
269,1.6875946000929511,0.2773247243279257,0.07906676947058117,0.05289330661398926
270,1.793495811368426,0.3461042349091008,0.07910074358152572,0.053069915036138046
271,1.8993970048735331,0.21289848898783312,0.07903797568561312,0.05321154783403848
272,2.0052982161490083,0.41502845430108665,0.07910285171866639,0.053318027301033306
273,2.1111994273724726,0.26394788113537887,0.07902693555144122,0.05338921998778457
274,2.2171006209122535,0.19466631986525376,0.07899586521066286,0.05342503663528954
275,2.3230018322397394,0.19990847995964586,0.07915100784310267,0.05342543206192397
276,2.4289030434978773,0.16928620085535398,0.07897346552760079,0.0533904050828567
277,2.5348042369683106,0.1309792414833456,0.07898597496947678,0.05331999856890911
278,2.640705448191775,0.2330524214522483,0.07905685599923375,0.053214299457641646
279,2.746606659432576,0.30085135778779876,0.07904672764889405,0.053073438957401825
280,2.852507870742725,0.2557667739368491,0.07903098340705289,0.052897592700741965
281,2.958409064247832,0.17687573252309524,0.07919351323079553,0.0526869810498726
282,3.064310275523307,0.15753952455105716,0.07900469847950845,0.052441869274001546
283,3.1702114867987823,0.2571372024715508,0.07910939100908067,0.0521625681568839
284,3.2761126802692155,0.07101140944726565,0.0789508335429254,0.05184943438606084
285,3.38201389149268,0.0005983554897310419,0.07899465724227372,0.051502870919524484
286,3.4879151028028286,0.049788950545523576,0.07892644768106964,0.05112332793688263
287,3.5938162963252727,0.22408046916090513,0.07904310955126696,0.05071130343793616
288,3.6997175075660738,0.10122160742822518,0.07904922489123697,0.05026734384084407
289,3.805618718841549,0.033898915238028036,0.07919120763728356,0.04979204534034452
290,3.911519912329319,0.09347529704354955,0.07895887698628579,0.04928605479106437
291,4.01742112357012,0.0557876701940463,0.07899289175001266,0.04875007062803163
292,4.123322334845596,0.01512593758185709,0.07898376810415046,0.04818484472371209
293,4.229223528402713,0.039673941022381705,0.07902406081897667,0.047591183667009644
294,-4.347642100845588,0.01124442047751538,0.03411731660575785,0.00936160890398736
295,-3.330583783193069,-0.03513756813075674,0.03409652236226742,0.009439659515284322
296,-2.3135252952098058,0.00816329942368925,0.034120033120254835,0.009511119190293337
297,-1.29646697805679,-0.048916193184576746,0.03407562627908792,0.00957524075119044
298,-0.27940866090377414,0.5145368963573793,0.03431909181856086,0.00963136974312573
299,0.7376496574147502,0.507201149723001,0.03431407799014751,0.009678943660627765
300,1.7547081458975171,0.18906782754537718,0.03416966457430784,0.009717490959427018
301,2.771766463050533,0.10753637726290297,0.03414003869824614,0.00974662990324454
302,3.7888247800370474,0.04753723554039822,0.03412468458884426,0.00976606747100948
303,4.805883097689567,0.08552524191558257,0.0341348922414005,0.009775598282388777
304,5.82294158567283,0.06481719083304317,0.03412944026548763,0.009775103702369989
305,6.839999903491851,0.055375764262882654,0.034117340289406474,0.009764551124314617
306,7.857058220811368,0.047370116735001404,0.03412797187927305,0.009743993451004363
307,8.874116709294135,0.02525216951562561,0.03412062757983526,0.009713568769287008
308,9.891175026780154,0.007694346362963364,0.034116594254474865,0.009673500237879867
309,-0.6217954657220641,0.02430531302969324,0.03497129609221944,0.01163443896987398
310,-0.3489378216602576,0.39828076110269484,0.03515410634664434,0.011816023506852319
311,-0.07608022307207211,0.8050599549779356,0.03524160200931981,0.011991904540593344
312,0.19677742130242132,1.0174355357724294,0.035405025717659216,0.012161527260301336
313,0.4696350196225894,0.587994276124284,0.035227974377298875,0.01232437500836381
314,0.7424926636843959,0.3610560713876245,0.035239183099449754,0.012479968068218376
315,1.0153503079248807,0.31650830080451003,0.03506023563248458,0.01262786208118658
316,1.2882079063790575,0.3105482233357902,0.03507434248249864,0.012767646814190773
317,1.561065550440864,0.25766341726306885,0.035050089073158285,0.012898944985871262
318,1.833923148761032,0.1569161614763005,0.035033299847104786,0.013021410955889833
319,2.1067807931355254,0.27673902119599014,0.03506988222845008,0.0131347298425442
320,2.379638437465349,0.22227498144115695,0.03506517510452627,0.013238616410177342
321,2.652496035919526,0.1877649203243574,0.03501998339559886,0.013332814266057947
322,2.9253536799813324,0.20490767134727592,0.03509354854388544,0.013417095119090318
323,3.1982112783461702,0.1934683480250062,0.03504268505143767,0.01349125798024851
324,3.4710689225419853,0.15138889313864756,0.03503553204866583,0.013555128667450771
325,3.74392656678247,0.17284692142606903,0.035050072476864154,0.013608559188702267
326,4.0167841650579685,0.1931250389464585,0.035180911436207836,0.013651427340904557
327,4.289641809119775,0.1277686950183372,0.03505075914853396,0.013683636353653496
328,4.562499407752631,0.14517616424683344,0.0350464233666914,0.013705114547359712
329,4.835357052082454,0.12914830663015284,0.03507655808776556,0.01371581515218926
330,5.108214696144261,0.06884546710579828,0.03501720144179461,0.01371571612448373
331,5.3810722944644285,0.09958531575856641,0.035010724738008744,0.01370482008048915
332,5.653929938749583,0.051529449037993655,0.03499708880784074,0.01368315426560099
333,5.926787537159091,0.018129283456974118,0.03496209344712203,0.013650770622336357
334,6.199645181220896,0.05465022416988904,0.035010925968075125,0.0136077458797901
335,6.472502779541065,0.07180394088038265,0.034978422126013306,0.013554181783812942
336,6.74536042373688,0.05575506721983862,0.034975053078304064,0.01349020529566708
337,7.0182180681113735,0.054611816863416894,0.03508625447261346,0.01341596897745019
338,7.2910756665655505,0.07334032394575231,0.034984347003019216,0.013331651372341439
339,7.563933310627356,0.04360295348320949,0.0350489957922822,0.01323745742777171
340,7.836790909081533,0.03876329124379562,0.03511499925405388,0.013133619148242986
341,8.109648553322018,-0.02210253749104601,0.03509067323592669,0.01302039609723762
342,8.382506151642186,0.03350076747666376,0.03495723073294071,0.012898076243890735
343,-0.9993760353234482,-0.018918930776384582,0.017667839735193647,0.008465280850206987
344,-0.5216069050727763,0.005235454986906861,0.017721506894716955,0.008643285962426967
345,-0.04383785507139942,0.939111249183361,0.01801188784117064,0.008819431053158126
346,0.43393127486640976,0.5805472264653844,0.017874377748766945,0.008993480331412658
347,0.9117003251024336,0.37809585305296106,0.01781687354738938,0.009165208328309223
348,1.3894693752602418,0.2699739322137345,0.01776631296442203,0.00933439957334145
349,1.867238505432698,0.22899566074825384,0.017766402173546105,0.009500848018961231
350,2.3450075555122907,0.19811851220228976,0.017749936268280413,0.00966435651316704
351,2.8227766059047457,0.20837035223428316,0.01774156530388503,0.009824736559069602
352,3.3005457361554176,0.21226976611280074,0.017740146354052713,0.009981807856683383
353,3.7783147861567947,0.16181687317723356,0.017712081163619293,0.010135397887479719
354,4.256083836079956,0.15061710521871277,0.01771239916790864,0.010285341763965524
355,4.733852966330628,0.1335221181008884,0.017706327699876127,0.010431481867326332
356,5.211622016488436,0.13276688916060655,0.017716338013116246,0.010573667521903245
357,5.689391146739108,0.11995129362816656,0.017734009815835585,0.010711754934163403
358,6.167160196740484,0.09531762960063965,0.017691063493987656,0.01084560679248791
359,6.644929246898293,0.10466046986648517,0.01773853009462833,0.010975092241218282
360,7.122698377383612,0.09477009835210175,0.017720160361703003,0.011100086635748001
361,7.600467427619636,0.07558006369304894,0.01769719478460925,0.011220471327240975
362,8.078236477542797,0.07044306299005353,0.017712621665959265,0.011336133647740944
363,8.556005607558822,0.07432229881129691,0.017700041080426734,0.011446966716454406
364,9.03377465771663,0.08950031742345815,0.017704991662053245,0.011552869272350216
365,9.511543707874438,0.08510745299467895,0.017685102225461356,0.011653745681690926
366,9.98931283796868,0.10248514990322306,0.01771140527331455,0.011749505784880678
367,10.46708188789184,0.07069519718939997,0.017719636651668737,0.011840064767628314
368,10.944850938284295,0.06736300926619256,0.01776285374944621,0.011925343181247201
369,11.422620068769614,0.047259390836731835,0.017692643020243305,0.012005266821868154
370,11.900389118692775,0.07016058079833154,0.0177106811051309,0.012079766633086055
371,12.378158168694153,0.044994385356507405,0.017675260884797424,0.01214877873158281
372,12.85592721885196,0.08329092585656356,0.017700750555342894,0.012212244303339354
373,13.333696349102633,0.05925781391564348,0.0177476304748029,0.012270109583147991
374,13.81146539926044,0.06600715683050594,0.017674892503590958,0.012322325778170665
375,14.289234449261818,0.08025309430526195,0.017687094212725952,0.012368849092098896
376,14.767003579512489,0.08324998432624589,0.01767568803907387,0.012409640662076627
377,15.244772629904945,0.060700045658027044,0.01766717748863729,0.01244466651666069
378,15.722541680140969,0.085378848541573,0.017696001481384883,0.012473897594850687
379,16.200310810156992,0.05970192173274124,0.017668929136026443,0.012497309702783725
380,16.678079860080153,0.05204210092476636,0.017700490274604422,0.012514883491189711
381,17.155848910316177,0.05314349068029788,0.017675215755475836,0.01252660446696963
382,17.633618040488635,0.04415759022723566,0.017774032177452128,0.01253246296815508
383,18.111387090490012,0.06208185947795717,0.01766786702269042,0.012532454159549613
384,18.589156140413174,0.05021793954879887,0.01768340515306575,0.012526578035691533
385,19.066925190805627,0.0514615868668053,0.017663973306804404,0.012514839415918001
386,19.544694321290947,0.04485476562538098,0.01767868756468094,0.0124972479453348
387,-0.5626018594572256,0.031742953165957294,0.07788936976783628,0.026127794665626054
388,-0.3275923502574815,0.47969385646211116,0.07814224902966906,0.025896104502487263
389,-0.09258284090384336,0.8203866165557866,0.07823465960379983,0.025665416610155152
390,0.1424267079235885,0.9450300779164795,0.07828408659032167,0.025434802072976218
391,0.37743621723875315,0.7555904799756271,0.07821424400938554,0.025203383885139843
392,0.6124457264769708,0.6542000347095304,0.07827567475833615,0.024970346272841618
393,0.8474552751889822,0.45581841167804943,0.0781117291187582,0.024734943652139338
394,1.0824647845041468,0.31163021017850084,0.07811763901711873,0.024496508901495337
395,1.3174743331007377,0.17947208168571335,0.07796877396643119,0.02425446057841548
396,1.5524838423004819,0.27270445231019386,0.07804742850476715,0.024008310115134456
397,1.78749335165412,0.26251782448760663,0.07797624757330734,0.023757667836782514
398,2.0225029003661317,0.20378619130830863,0.07805555059076301,0.02350224884838015
399,2.25751240983519,0.23430609898320778,0.07801724893041558,0.023241878440674983
400,2.4925219191118813,-0.02851428644843112,0.0779501336410964,0.022976496645436238
401,2.7275314677469455,0.04030879832159666,0.07818447375873364,0.02270616272500447
402,2.962540977023637,0.0730847710087645,0.07806737958576945,0.022431059232414733
403,3.197550486377275,0.19032206624706235,0.07794477104071634,0.02215149519289492
404,-0.8770938068111694,-0.006548630470437944,0.027979847340363635,0.006654322360783744
405,-0.07682441003612007,0.8731877670123814,0.028185101099986957,0.006704005326919555
406,0.7234449867389292,0.48413807410069587,0.02810874108158782,0.006749999041808414
407,1.5237142497503333,0.248459114971064,0.027963810255905965,0.006791937638485784
408,2.32398364691842,0.19371465225390042,0.02794388822193693,0.006829500429159345
409,3.1242530440865064,0.14694455198685918,0.028030789424801465,0.006862412096736688
410,3.924522307228923,0.08623179296066444,0.02793629856912184,0.006890442722425513
411,4.724791704397009,0.10317906863897398,0.027923227500384742,0.006913407632450321
412,5.525061101565096,0.05798674632167161,0.027924743499738395,0.006931167088296093
413,6.325330364707512,0.04231869099271936,0.027935133406136656,0.006943625941366205
414,7.125599761613574,0.026243396632276608,0.02793436735975413,0.006950733214325212
415,7.925869024100929,0.03664876255419374,0.02798705718866974,0.006952481623563876
416,-0.8605550911890614,-0.06293358425967942,0.06754033230734909,0.015587514576481713
417,-0.38452301258781935,0.30121268002562357,0.06794672850806845,0.01565732051937657
418,0.09150914612759245,0.9632515617832716,0.06802586439285561,0.01571766865146828
419,0.5675413047650721,0.5272756638688983,0.06806580291538096,0.01576781243823608
420,1.043573383132518,0.4437614990209577,0.06778912979213886,0.015807135469280496
421,1.5196055413803373,0.3093153844056407,0.0679940505893273,0.01583515297608737
422,1.9956376199815793,0.1653359307117255,0.06773546177651546,0.01585151271124424
423,2.471669778385263,0.18131024632349338,0.06781678107937629,0.015855995470153067
424,2.947701936866878,0.050680188317733674,0.06769347604915409,0.015848515219291027
425,3.4237340153901883,0.15128299388028826,0.06763858211439208,0.01582911899614986
426,3.8997661736380076,0.08271756993924406,0.0676034431053571,0.01579798652581164
427,4.37579825223925,0.05239030861531632,0.06778822838100752,0.015755429619054528
428,-0.5935959748076858,0.06847089399009283,0.09209640893235563,0.023910825099756658
429,-0.323666450569128,0.41684591830645135,0.09230001689158258,0.024145094470075543
430,-0.053736926197998316,0.8825238398300895,0.09238428497112156,0.02436537797785697
431,0.2161925981731314,0.9969673517375968,0.09240802889539247,0.024570218696299412
432,0.4861221225884518,0.4635214774622175,0.09211960332950664,0.024758296407014733
433,0.7560516470921534,0.4324688315068591,0.09215801037841324,0.024928427379466506
434,1.0259811714632832,0.3946616261667205,0.0921958080507116,0.025079563623803546
435,1.295910695701841,0.38934208933667247,0.09228162677608404,0.025210791824722908
436,1.5658402200729706,0.4374222172442174,0.09246038631593763,0.025321332120796014
437,1.835769744488291,0.24263351425297175,0.09213974540275388,0.025410536859398015
438,2.105699268859421,0.2680125331307237,0.0924586234764638,0.025477889428396804
439,2.3756287932305504,0.12163503388053105,0.09221325689698495,0.025523003240055603
440,2.645558317469108,0.22107377885948107,0.09210344396766322,0.025545620923521896
441,2.915487841751857,0.11289563061745861,0.09229840095539825,0.025545613765174877
442,3.1854173662555585,0.005439590998991768,0.0920248615895136,0.025522981421516575
443,3.45534689075926,0.1171973342059603,0.09236725507126638,0.02547785191691932
444,3.7252764151303897,0.016836574942548418,0.09207709387021958,0.025410481926104463
445,-0.5138859860620639,0.12700336552639852,0.1324778312334831,0.03128901600869349
446,-0.28489622246166624,0.422329505905836,0.1326892090031667,0.031500524707797344
447,-0.0559064203607492,1.0387568398054603,0.13279417830728477,0.03169488816175394
448,0.17308334338960185,0.7610347865438066,0.13262066614293697,0.03187084011842075
449,0.4020731454530305,0.7094406640856353,0.13268962658369027,0.032027331631897624
450,0.6310629475914359,0.5825019974833573,0.13267259526376374,0.03216353233200891
451,0.8600527113042986,0.5775611920014974,0.13250995510661948,0.03227883119637996
452,1.0890425134052157,0.1831251951199539,0.1324931847745202,0.03237283664906077
453,1.318032315543621,0.4743354683651849,0.13249487001020469,0.03244537602745458
454,1.5470220792564837,0.38900724136782056,0.13251492878892726,0.03249649484921794
455,1.7760118813574008,0.05658889570487881,0.13254405503044786,0.032526455652371236
456,2.005001683458318,0.24871548390611387,0.13238057971225642,0.03253573638850098
457,2.2339914471711806,0.02111659212189126,0.1325325044548935,0.03252502844918476
458,2.462981249309586,0.1769098870180842,0.13245507309494733,0.032495234047768884
459,-2.974267534647881,0.014596714139553895,0.06309374807457105,0.015308106418964844
460,-1.6859793073952196,0.032489322332826344,0.06305398682769142,0.015400290400696931
461,-0.39769108077527543,0.2856472237902137,0.06320616155599644,0.01548231187971264
462,0.8905973628667022,0.43329783916508086,0.06328403836541764,0.01555343790862355
463,2.1788855905411753,0.15576136629486828,0.06315364720129273,0.015613047383253326
464,3.4671738177938365,0.056991742689457336,0.06304839528412454,0.01566063184370766
465,4.755462260381285,0.07424783077630372,0.06311291367653984,0.015695795805591897
466,6.043750487212135,0.0707932515511108,0.0630989688662641,0.015718256899640726
467,7.3320387144647965,-0.05407845381458988,0.06301314737383173,0.015727845921077368
468,8.620327157684963,0.07414392629873193,0.0630993509676851,0.015724506745778247
469,9.908615384304907,0.08966412161022327,0.06313523066943641,0.015708296251261227
470,11.196903611557568,-0.015227575737226747,0.06330884090914198,0.01567938419993283
471,12.485191839864758,0.0012078216724069355,0.0632973211187758,0.01563805308843432
472,-3.333053041427769,-0.07969220767318322,0.15273246407722565,0.03769041363033742
473,-2.7658155250153573,-0.0503253957552388,0.15240955889072622,0.03796264202600384
474,-2.19857791351162,-0.02913768288189977,0.15250099810978557,0.03821040700856096
475,-1.6313403017292947,0.013183894810153552,0.15233149727548262,0.03843169877505577
476,-1.064102785038295,-0.15724600172412803,0.1522503283707639,0.038624758303423136
477,-0.49686517344169495,0.13219107284272597,0.152411419651284,0.03878807847616834
478,0.07037243806204242,0.9519605619272242,0.15332005793665765,0.03892040412319171
479,0.6376099550316299,0.46051689995204365,0.1527903915406088,0.039020731894760075
480,1.2048475671854058,0.41347355383667567,0.15254490663925782,0.039088309809974256
481,1.772085178689143,0.3264107025258039,0.15286421676409712,0.03912263663799392
482,2.3393226951015547,0.14758046974626993,0.152459582638148,0.03912346155266775
483,2.90656030688388,0.21573811450587482,0.15269322551478431,0.03909078387198185
484,3.473797918666205,0.2589534899932548,0.15262930026008875,0.03902485304968629
485,4.041035435357205,0.15944415187350713,0.152870494572775,0.03892616892100581
486,4.608273046953805,-0.061122844248396986,0.1524893367414357,0.03879548203321391
487,5.175510658457543,0.050879713514919676,0.15278049157181606,0.03863379424698368
488,-3.535654323843777,-0.0024454917007247176,0.007456700669874386,0.0021945027633293187
489,-2.8112366397772517,-0.0009211784649062673,0.007454305003598424,0.002221186874189364
490,-2.0868188342686596,-0.0024102468440492793,0.007479751707506571,0.002246638252969571
491,-1.362401029115855,0.003801278565348984,0.007474665530480845,0.002270738844561321
492,-0.6379833451679252,0.02764258296789417,0.007473104744235025,0.0022933801819007994
493,0.08643446010347523,0.9529860367653105,0.007809710356555532,0.002314463189651795
494,0.8108521447629796,0.4303314126119387,0.0076144398268953774,0.002333897943323035
495,1.535269950508763,0.25756806531130577,0.007555520585526178,0.002351603483316676
496,2.259687756017355,0.17890878055558437,0.0075221587795217554,0.0023675075850849514
497,2.9841054398466893,0.12527671431801202,0.007502499991275196,0.0023815465768683916
498,3.7085232449994936,0.10699298991643784,0.00751772996066713,0.0023936651688292758
499,4.432940929066019,0.08998991441237607,0.007490613936109244,0.002403816280376914
500,5.157358734693207,0.07623409366593396,0.007484992557043144,0.002411960920975336
501,5.881776418878328,0.0628590544301928,0.007501122878636005,0.0024180680641678067
502,6.606194224268324,0.060964985583833085,0.0074812373545496795,0.0024221145700520645
503,7.330612029776916,0.04585066033188116,0.007485175791239233,0.002424085113503925
504,8.055029713962037,0.03497365487066598,0.007488553979487508,0.002423972150221392
505,8.77944751947063,0.037714738447575974,0.007465832939172499,0.0024217759020158324
506,9.503865203537154,0.031695402367656306,0.007465700237188761,0.0024175043704978533
507,10.228283009045747,0.01735308939102846,0.007460487070516345,0.00241117337276447
508,10.952700814672935,0.01918208868294734,0.0074602146359801945,0.002402806610232768
509,11.677118498383674,0.02540862041220222,0.007466952557233972,0.002392435758803869
510,12.401536303536478,0.015640305020486057,0.0074645037222824066,0.0023801005788153134
511,13.125953987603003,0.008694242648377398,0.007450878040779968,0.002365849070399492
512,13.850371793585978,0.011273423090338658,0.007453643690732445,0.00234973762435789
513,14.574789477889695,0.009892556546803832,0.007461811014479932,0.00233183123256228
