,tpeaks,fwhms,amps,tpeak_err,fwhms_err,amps_err
0,539.6503134642977,0.0015190062369479845,0.008936974123489922,6.425783518403934e-05,0.00023455837936619403,0.0007490289812215817
1,539.8696662908625,0.00040973029035476407,0.028560040010916114,5.424906809561119e-05,0.00011406140289602743,0.009323628906587876
2,541.1449540557032,0.002376373943960627,0.007899331224899383,4.557706823414427e-05,0.0001853740550699627,0.00035961167083731996
3,541.1730877564987,0.0032843701255285476,0.012733522612665762,8.26637578727276e-05,0.0002795364935093105,0.0007349680477507721
4,541.2323072123853,0.0022256274614208386,0.007417681676285356,0.00010285718818337468,0.00045265830095325623,0.0009030189677494345
5,541.3260030650882,0.0008419058033323296,0.02432658247125253,3.374648791293875e-05,0.0001623800056465951,0.0038522261218736542
6,541.4104768597397,0.0015586067435821311,0.01471685167224752,2.052842988918223e-05,0.00013422639306138098,0.0007606149713630381
7,541.5469581820482,0.00499573122985344,0.025338178093349137,0.00017929336096180007,0.0006583837710487553,0.0019933751143328708
8,541.7929979443489,0.0039629824773412346,0.010588893051891134,0.00011658029503902773,0.0004260261919951948,0.0006845439344798474
9,541.8469276764478,0.0019014406288979768,0.024243276221446133,7.781850024350786e-05,0.0001855397920648949,0.0015388316443302919
10,541.912556309079,0.0017601347911472699,0.16124338953350256,7.609706816008e-06,4.855880058874945e-05,0.002644504516313741
11,542.6755697938216,0.0014282614732633843,0.008399077305453733,7.485993109102805e-05,0.00024711170774640434,0.001042173878326823
12,543.2415317058363,0.003186757842569689,0.013312095751740577,6.498920307028662e-05,0.00022393862681732208,0.0005946350044518431
13,543.2884083430362,0.0021283354548834337,0.01566929090595745,4.181198532920337e-05,0.0001443563195159254,0.0006684762225436907
14,543.8609741496201,0.006531239772619498,0.006382792338250436,0.0001335585879983017,0.0004901303456628775,0.0002902071048537575
15,544.7259022013158,0.003943447567765477,0.007097198005835217,0.00015053886251082074,0.0005357156365241294,0.0005965735996766783
16,544.9018128723445,0.0017219210570735628,0.00792345567974222,7.10737723312384e-05,0.00014635783334423217,0.0004502155702052145
17,545.1413793936225,0.001309076755985166,0.017720943168930726,5.312045576119142e-05,0.00011684105599599284,0.0011549194860048014
18,545.1901855842691,0.0017532951078913731,0.08207092292529178,1.926375160628748e-05,9.556742432929754e-05,0.002986288334940276
19,545.9032657231255,0.0020556556972283354,0.015964749587614815,4.591102962078325e-05,0.00014249662066236624,0.0006989148900863544
20,546.0225157450916,0.0027747897895773555,0.010384525014870062,0.00012019804828785523,0.0003702509978962132,0.0009592205632406635
21,546.4332012783595,0.0019186027776684144,0.014995118937245786,3.504514402489553e-05,0.00012820369924842028,0.0006040559443973569
22,546.8321280938047,0.0028204629032538655,0.014024457926552061,5.2362863954054454e-05,0.0002001956318212456,0.0006054648898863515
23,546.9012203017343,0.0010098546851422159,0.02115149390537793,5.8105486579394005e-05,0.0002268535569922427,0.003634354519022201
24,546.9262835433859,0.008741043203859707,0.012836901746016816,0.00020739208472845497,0.0007437325147167265,0.000700147867553082
25,547.467250587092,0.0021634146729251724,0.014152542192487431,3.196701608990566e-05,0.00012812795412637967,0.000508794500651412
26,547.7425066430396,0.004554097935333284,0.008071062212028045,0.0001840313251582877,0.0006718041295825402,0.0007267760402288203
27,548.5891495265673,0.0025814739861969764,0.022583232271577873,6.037306387099642e-05,0.0002216045214267101,0.0011456599270975216
28,549.0698404088243,0.0010014044771465976,0.018586995128380336,2.7589795184507755e-05,0.00025023436420792256,0.003386813079738894
29,549.3129383479406,0.0024892089706510787,0.007598627010107707,0.0001318801034951661,0.0003966183725363206,0.0008432042549493428
30,550.0047022095703,0.0029332109266644734,0.022661058439893137,5.299619240523439e-05,0.00019571106509429928,0.0009383148979391386
31,550.5379288581457,0.0028335258530545865,0.017053733857518804,6.776373670856657e-05,0.00023529804596902212,0.000905840680878957
32,550.819170307147,0.004293616681135878,0.0047958688395934755,0.0001485710168398203,0.0005416689514735047,0.0003726580993208437
33,551.3962107070154,0.0016722699424313982,0.006336874520484108,9.073375714375499e-05,0.0003711694945564846,0.0009158260167271166
34,551.7080142865416,0.001247925350063533,0.034078475920254266,1.1732063231494929e-05,6.870143783577029e-05,0.0012406998907962571
35,552.1072747740624,0.0027421465102139527,0.013933928573426416,6.619383537604763e-05,0.000232670076262895,0.0007539992389585617
36,552.1672303279043,0.0013987533633703733,0.033123193266129114,3.097224617866261e-05,0.00011055072589384716,0.0018754913056044922
37,552.4586805025966,0.004952883703326698,0.017312047738527545,8.687004543300474e-05,0.0003197357117640207,0.0006563138593086513
38,553.0041062721729,0.0027979939220831016,0.023323429041360953,3.687772657915995e-05,0.00011887641707484113,0.0006566592107843218
39,553.0931025724637,0.0038644648026881037,0.005131598289199657,0.0001677862879726956,0.0006084165542531611,0.0004981417710500741
40,553.5157156265203,0.0016893225864563924,0.012210903294408635,5.3149823198463655e-05,0.00032511346799911074,0.0013790419885017823
41,554.3077619208024,0.004127101121815937,0.027614207134344416,5.455498776020853e-05,0.0001955621790740065,0.0008086974093642115
42,554.4569758598067,0.0006939766791937109,0.01735207337403863,3.3514709385092875e-05,0.00017110029745995693,0.0037558171960730925
43,554.7717419055333,0.001131802602836878,0.03682917035035358,1.5054892290392697e-05,9.129513654274805e-05,0.002131517299403485
44,555.1073461668085,0.00028815389153290385,0.2550057080927188,1.0974385619407959e-05,5.02519694171694e-05,0.0479878743082966
45,555.2871837241628,0.0031999125995061787,0.01343259024136072,4.775890411955787e-05,0.00018228295398739258,0.00044365117225326394
46,555.3852777041508,0.0003701675938459319,0.01702402618294742,4.613806871021787e-05,0.00021364566267830575,0.010522217892623663
47,556.582129113754,0.0010569901431327403,0.028368830941702648,2.1680835681735955e-05,0.00023860252611783466,0.004243217370521514
48,556.6098695728709,0.001743286815325921,0.035793427595775244,6.441931725287586e-05,0.00013866180027833166,0.002018258972604949
49,557.0288791939744,0.002685318958873081,0.012510714140723588,0.00013416228909009567,0.00041588627257218116,0.0014006274600611066
50,557.1087284093268,0.002386000155644427,0.0263476878953925,6.100858153026415e-05,0.00019316766209712366,0.0013551142332437263
51,557.3479093914958,0.002094694074901568,0.01037752230823119,5.854045288397559e-05,0.00031343557080888105,0.0008774426094951275
52,557.8218790396359,0.002797685619756233,0.03930079005240134,3.5238190737433427e-05,0.00011343981306634796,0.0010228519060859402
53,557.920033603455,0.0018492730234046365,0.009915458412051516,4.216501873384784e-05,0.00024613668049002136,0.0008061308028038313
54,558.1761420264982,0.010649851111974884,0.01222439455324495,0.00032504843264508315,0.0012161309529844003,0.0008091478831139481
55,558.2234227778251,0.002343187656766028,0.03799292769817304,4.85098989192106e-05,0.00015334302457212183,0.0018913662179215346
56,559.0897545619542,0.002109055808745506,0.011302601583533939,7.885032722226539e-05,0.00029641378302293196,0.0010881051711753584
57,559.3344606985089,0.0017370087794031641,0.02210423360724482,5.242886678874974e-05,0.00010459862450206575,0.0009331118632783157
58,559.4798119747189,0.0019429633267529802,0.020079912583757336,2.1197151492225926e-05,0.00010772083934825012,0.0006713804003992534
59,560.9606131101798,0.0029645212163191517,0.006808014882941608,0.0001535170358050717,0.0005288413026022997,0.0007342087019575075
60,561.1032478829354,0.002115503087506917,0.01019999786495595,6.880546627695356e-05,0.0002311585257206444,0.0007732097698660477
61,561.1411958651203,0.002787120071709752,0.004634869110501184,0.0001200375736114379,0.0004251105933603329,0.00044776207336841663
62,561.3472373710877,0.0014297301639990692,0.058920002948754956,3.368917262934242e-05,6.680585320292134e-05,0.001387936498814946
63,562.1766263695671,0.0019440687712416178,0.004856370531604069,0.00011110135731977822,0.0004466049308790071,0.0007166015986274641
64,562.9908418640321,0.003947092108882916,0.009227522465603882,7.491271542404102e-05,0.00027627134710386944,0.0003858447879034238
65,563.3687077580506,0.0017594644143591413,0.02072706036864195,4.558268975841854e-05,0.00012329984765254597,0.0009784343606676123
66,563.7142131067994,0.0018029705364119581,0.009712166180333442,7.041831027128818e-05,0.00015914369813632568,0.0005539559608364353
67,564.0101049975061,0.0016249319929251328,0.026342775519179903,1.5962734819442226e-05,8.372757260404122e-05,0.0008822381316747097
68,564.3255649426025,0.003957331757090748,0.00747414248406375,0.00011438528620165962,0.00041473749005440427,0.0004822689715143613
69,564.4923427596523,0.003574740350114833,0.01081094470945832,5.743579606670918e-05,0.00021017437027339708,0.00037335483150841285
70,565.9531745862125,0.0009993271276376786,0.04544634034456897,6.82319331974073e-06,6.803496794975399e-05,0.0021808709191779617
71,567.8710445921363,0.0029386251564012954,0.006602138756404832,0.0001049061204634013,0.0004047731926305347,0.0005610512987215959
72,568.2527282996037,0.0009487335659299573,0.00948916529415907,3.968306500285914e-05,0.00023738252944208488,0.0020019206481020685
73,568.5804318511853,0.0014623476664804237,0.015670869952090837,2.2155153899121468e-05,0.00014732408986450565,0.0010261937729927149
74,568.6715229405412,0.0005989001148117063,0.04703049273362955,1.127555778540227e-05,0.0001343509269287789,0.009174626833442442
75,569.1367462528824,0.0004039887910296022,0.1271517235239524,1.4879636235919939e-05,5.0052332820642825e-05,0.017234377039834534
76,569.9140634461231,0.0010214557991526372,0.013712910554590714,5.187180209294799e-05,0.00024328695995130866,0.0026711679802465904
77,570.8503801125358,0.004220960261377916,0.04961280921966106,8.576149256254135e-05,0.0003082578755516153,0.002228561476699501
78,571.2564421194961,0.006105534212178657,0.00713073923233376,0.00019721090300547903,0.0007372772328067305,0.0004845285876137694
79,571.3041927681048,0.002581931036105298,0.016193152603748408,7.121127317714243e-05,0.00020300321882127595,0.0009237572704184412
80,571.7073556626539,0.0004075953710075596,0.027006218085611853,4.704245306786097e-05,0.00013038213516420832,0.009802543142112733
81,571.8241774791378,0.0024964068970276076,0.05689604561952746,2.719016667681231e-05,0.00011113358440695175,0.0016018352903550334
82,572.2850323658605,0.0006573370701236642,0.012142668856496616,8.336214828486383e-05,0.00027302704716952606,0.004811563575060958
83,572.9382478958498,0.0009230383072897295,0.02101121454759855,0.00018820574140147905,0.001062249495200372,0.01823905138096367
84,572.9572077599666,0.0005102342865720169,0.08317587478637482,7.359772691518613e-06,4.8130708125526093e-05,0.007509982602616696
85,574.4013564967212,0.0012466425815633364,0.012025695746626852,2.426428377633414e-05,0.00015804207723080368,0.0010676874886997574
86,574.6890621223407,0.00786976710221492,0.011040222919378525,0.00015397501902074376,0.0005707144840540972,0.0004633838905568374
87,575.6003078624827,0.001218103537237744,0.0709238341719041,2.4291410436393976e-05,6.92399765179466e-05,0.00305130618566975
88,575.7188241107455,0.002396538197891266,0.007931402574506344,6.120436106905205e-05,0.0002635011373895642,0.0005372128253028081
89,576.6144126876727,0.003104979638490382,0.011052013144798006,0.00011052318984457291,0.0003733215432527363,0.000843983395906123
90,577.7038499790173,0.0017485456487286181,0.016850447496618765,3.7215560656940215e-05,9.287337250381733e-05,0.0005745886771496149
91,577.7358665249327,0.0015007791889906311,0.037384531606371695,7.30049679036456e-05,0.00012519415586880966,0.0022543579462953075
92,578.9272048407635,0.003472995070984078,0.012862596725483422,6.14623181022997e-05,0.00022723106438392136,0.0005125185794430052
93,578.9750074367373,0.000794117401326201,0.0185911143652303,1.1230032697193954e-05,0.00014346497347732554,0.002569235244859635
94,579.0501099878958,0.0010330829906677764,0.03194550615650554,3.827672777186212e-05,0.00014365710830784874,0.003494783036635751
95,579.1154448334686,0.003777336438990461,0.0058953714400959215,0.00012545499217681135,0.0004584642754218233,0.0004401480992164659
96,579.6248352899988,0.0010014951843211367,0.038925856640300814,7.2328071383484896e-06,6.994776463157419e-05,0.0019266943367621866
97,581.205862447252,0.0029855237854485507,0.007560873899909315,0.0001159494196401713,0.00039100895714001675,0.0006289684952882622
98,581.6226666233003,0.001685302509673467,0.011083632083117707,3.417456124205243e-05,0.00022112110246522718,0.0008175204041529479
99,581.6478523826852,0.002795751674148052,0.008640126675575826,7.327646902045985e-05,0.0002293728244896223,0.0004838226150297921
100,582.2615723579668,0.002044740352958106,0.028117906351431163,2.8977516567129797e-05,0.00010613810460723555,0.0008998240427719748
101,582.6933383069083,0.0007095035205734934,0.03852664530279523,2.521107899493201e-05,0.00012205448865774068,0.005716816974648116
102,583.6595422230613,0.0070364932037096485,0.02452501827904164,7.520732656895715e-05,0.0002770971880384063,0.0005671458876572597
103,583.8701780835448,0.004694162710952379,0.009772477155965955,0.00020138463456189626,0.0007501177781524642,0.0008908160356440373
104,584.7455480987833,0.0017558339304214316,0.01162723592896938,3.990959253442151e-05,0.0001351290855997544,0.000489204187563993
105,586.4075809505599,0.0012840936282935212,0.07924733579896161,9.949875853936817e-06,7.500338016536723e-05,0.003065467043727326
106,586.4876301058355,0.0014297140447647148,0.02707960074970743,3.9924549538355514e-05,7.214181636744837e-05,0.000994637353915829
107,587.1068305614864,0.0007432326756089576,0.012785695879655968,0.00018825230137894014,0.00016411534086991362,0.0008195428094682925
108,587.1621298887825,0.0008097571765799448,0.030745267699623165,1.147593943591591e-05,0.00010405357818209579,0.00296517537012522
109,587.6410358676629,0.0009983367563610153,0.013639098741350723,2.1098698254745236e-05,0.00019265062851961127,0.0019020586805752323
110,587.9428992786043,0.0023726731344467554,0.02602694473353019,5.0825738732395096e-05,0.00018147466138444785,0.0012198746408529032
111,588.606769478865,0.0016566012638532686,0.008877193620486213,8.188375460696576e-05,0.00018079535094093856,0.0005764623659877448
112,588.698332883612,0.004437342404369061,0.005986225655987824,9.478377798284388e-05,0.000346654128775976,0.000285858132346289
113,589.5245803082819,0.003309188633304271,0.006787136281754903,0.0001003352410122264,0.0003525166822852532,0.00045486970462977326
114,591.0001234018845,0.0012660305227027906,0.014354136446547323,0.0005318737472467641,0.0006070438421211412,0.004130199405607693
115,591.0207399661948,0.0007048499644309357,0.039417837278143034,1.8376121268380498e-05,0.0001312291774718682,0.006356737936973311
116,593.4480158852808,0.0018218764802698847,0.026043313772765492,4.122913770389242e-05,0.00011821720084107046,0.001173848802013738
117,593.5994714880904,0.0005726688457049864,0.05575548644413582,1.410102233585043e-05,6.213140624121378e-05,0.005804811341400446
118,593.7341947099272,0.0018111401985060123,0.008887739716230122,9.877178046420958e-05,0.00022556371960462138,0.0007483147096353913
119,594.04010472826,0.0004912658120767253,0.1351546441368042,6.172192406286044e-06,4.558548512708015e-05,0.012088098141287867
120,594.1695298709473,0.0018926636952446456,0.023258404875674987,5.817067855281208e-05,0.00014333751490289213,0.0011143908918118115
121,594.4366128367634,0.0012552991035376258,0.08984639599921225,1.0705074460730782e-05,9.382819797517537e-05,0.004226527120470251
122,594.6156548420511,0.0006874212127285842,0.023654870242797516,9.638616662097349e-06,0.00014046978181030855,0.00386613063196411
123,595.3248486773664,0.0011859936959150966,0.019509171672557772,2.380905340847296e-05,0.00016036231577539237,0.0018488571754527044
124,595.4388648345052,0.0019297760726274772,0.01860037895325256,3.472495688018894e-05,0.00013235681088098625,0.0008278622952977181
125,596.141371557015,0.0006134128319814418,0.021546396633193184,1.2193511012662204e-05,0.00015008228856772273,0.004572797438628061
126,597.6481048171036,0.0019581029774572516,0.009748278305889247,5.193927362390735e-05,0.0001670555346582241,0.0005123827516779942
127,597.9551876531048,0.0014642331905106885,0.018830364456205263,3.7589953834789305e-05,0.00010382749334307888,0.0006978140550582704
128,907.4848704140079,0.0020504846563071583,0.009189911853617375,8.653182859593549e-05,0.0002163459827226456,0.0006576048820370415
129,909.5234778666644,0.002480904459450144,0.008304753872699624,8.496644532528256e-05,0.00028602744982217664,0.0006144501568170048
130,910.6386218155043,0.0026137871341844377,0.015814685620957957,4.8309546644084275e-05,0.00015403990705561293,0.0006007538475545361
131,911.5385169080458,0.00197205558628421,0.02361167606830237,3.072073766273876e-05,0.00011820443037291758,0.0008642292519259246
132,911.8640962023401,0.0023649181710588504,0.01550767777415879,6.297523499276518e-05,0.00019034045993570245,0.0008225770370464344
133,911.915784662806,0.0010196113939946996,0.015220921296573363,2.6103130595702046e-05,0.00026867215379558046,0.002784850688318647
134,912.8134629728175,0.0014354178880234061,0.01897137675720423,4.847654203542478e-05,0.0001305416390688196,0.0008925259753770897
135,912.9832635409014,0.0017006535007848137,0.017961973810551448,3.133700231445678e-05,0.00021510652510478725,0.0013367276420273417
136,915.0898985375638,0.0029313924772936483,0.034361080607434244,2.90323032941045e-05,0.00010084663867421335,0.0007389322485862352
137,915.9924209039541,0.001463761221696782,0.007385302081009118,5.936833161083382e-05,0.0002986106778618893,0.0008486338486617011
138,916.8258912646927,0.012958652615412836,0.00985579196261093,0.00026423955146633206,0.000987851839307067,0.00042360363019028525
139,917.7354796824721,0.0017369948939240458,0.0220338561153538,6.012963036762213e-05,0.0002114499444566032,0.0016117390114187208
140,918.4123138092252,0.0033903769754174045,0.0097064546324071,0.00012577995974811184,0.00046034705953079837,0.0008237994593796944
141,919.9620890212096,0.0019018964600905411,0.023997645342264902,7.601459867521183e-05,0.0002001360197795294,0.001596029757395994
142,920.975144619167,0.0032968961104252975,0.009346449259247111,0.00011006187284195819,0.0003865334001697272,0.0006864156942625911
143,921.1785114265975,0.003017680767025517,0.06569780839532328,4.213047643774252e-05,0.00015535036433691422,0.0021026357927087496
144,921.3836169320932,0.0029837603190408825,0.01323144791276133,9.10850676242861e-05,0.0003282794717969335,0.0008848504578591529
145,921.7562869140456,0.0018585614558111355,0.005893537322015847,8.670649448893648e-05,0.000338565907103457,0.0006427648528966258
146,921.8392347850256,0.003749165236386262,0.004094364690249983,0.00015049780533653482,0.0005501954683416341,0.00036968619583806656
147,922.3264701018607,0.0018345541047442542,0.0686535039966316,1.1472809122239715e-05,6.923454182666277e-05,0.0014862426281414178
148,922.5425229418345,0.0013381821420719914,0.004260692717720522,0.00019628514214365956,0.0006400551243552501,0.0015021613883626336
149,923.111658605947,0.0006708632417551054,0.04787956233695265,9.777455925543555e-06,0.00010525781400527039,0.0063289597888567745
150,923.228624787554,0.0021215165438051714,0.017037067234701872,4.69168781595274e-05,0.00015294221926711677,0.0008287305372533004
151,923.3746596877736,0.0008473439482548323,0.07188941305602087,1.2838370992085437e-05,7.109805885754533e-05,0.004811035813060772
152,924.2738811986198,0.002367379502803429,0.02720201359051029,5.469388847477146e-05,0.00019768729177578685,0.0014293239414319907
153,924.3792055943934,0.0048819758679454865,0.006059171067451768,0.00014574109398877115,0.0005318444938812542,0.0004035178489640832
154,924.7546825151135,0.004558191299686323,0.011054790506884175,0.00012684416815768345,0.0004564638407320962,0.000683907576229423
155,925.2914828110681,0.002874386800095791,0.019130437539950022,7.775266229415063e-05,0.00025436268198569,0.0010942377979000063
156,926.2939226891704,0.0005749924461929544,0.04368920987763253,1.1180736312379078e-05,0.00010933625274649127,0.0074708549564848235
157,928.8802714419456,0.0014215600090442362,0.02449047318286472,2.5307746377375845e-05,0.00014567882611732537,0.001497895364930875
158,930.0274286086701,0.0028532724750198264,0.028451928468908674,8.921197417431198e-05,0.0002912615516191221,0.0018671494829095698
159,930.1000366445198,0.0014637682940882714,0.055501697823965426,3.38339099825806e-05,5.962200534240643e-05,0.0012397288075116618
160,930.9377878285609,0.00193766244067096,0.01105489728062637,0.00010387283418500807,0.0002675161524340601,0.00108025495190277
161,931.0815947144382,0.0003166579318484911,0.05541092152128491,2.651720040466286e-05,0.00011743754717721331,0.02246600830724616
162,931.974635269172,0.0016498022207369406,0.026522868521078154,3.6855049929440857e-05,0.0001104304655992327,0.001021878434778813
163,932.1064411866198,0.003074957137037295,0.013714021778522385,0.00012172094129768661,0.00043586710223962214,0.0012173333215804872
164,935.2530711874691,0.006125404735706529,0.017950894140360704,0.00013509607802169031,0.0004987361912541023,0.0008551006585313571
165,936.6800117835807,0.0010689531073136502,0.023149407300999285,3.098465140955342e-05,0.00020107814290260898,0.0031956071569855197
166,938.3180063539234,0.0006542629400831591,0.029666990848683777,1.056670604016854e-05,0.00016151460444488637,0.0060520556317521235
167,941.9388924714218,0.0005423713839344776,0.0396155591985074,1.3259771544332563e-05,0.0002170643541901722,0.014187511421144687
168,942.2795914795188,0.002888588307596983,0.05370676269225672,3.1012788516958346e-05,0.00010398736181637915,0.0012063509212153706
169,944.1342452791883,0.004428095579099187,0.02373855036320835,9.001567688312744e-05,0.0003225468647116923,0.0010731269939840296
170,946.1510929220468,0.001065833986435347,0.024893843004997574,1.0163559433705011e-05,9.48429067891307e-05,0.0015305186170033696
171,946.9804797857055,0.001927691701794103,0.021458210256014895,3.1955275425225495e-05,9.218130744448365e-05,0.0006913552901299824
172,948.9587444487676,0.002004859414230367,0.00944331628314227,8.682942287679268e-05,0.00026439528112091594,0.0008013073882126555
173,949.0999394038366,0.003357505249167212,0.013605239579419993,0.00010150551687358182,0.0003408728983731474,0.0009102197336292013
174,950.0437185593768,0.0007690447520140857,0.023181146029155983,1.001464213815467e-05,0.00011031209883541733,0.00264605217299002
175,952.699156156934,0.002559875001149694,0.03836772939472091,2.9896427726515884e-05,0.00012414256060807975,0.0011444477525271344
176,953.6531102926871,0.002157356103359867,0.009840686707439622,6.166672713968492e-05,0.00019818899551036638,0.0005702827857659088
177,953.7344726524453,0.001349515763678689,0.010411844544914091,0.00010016943919749106,0.00020420607401713483,0.0011983862220945728
178,953.9997255615559,0.0009589795651990461,0.05780261884297475,7.698134221215322e-06,8.54712736759522e-05,0.00363310830336631
179,954.3565782652092,0.0005129781829775828,0.021172765401335187,2.6682551016463038e-05,0.0002496839719092696,0.009750121437317114
180,955.5438661054551,0.0017022177755683585,0.03145776069424792,3.6088735926970355e-05,0.0001392928338683878,0.001481479393517257
181,955.7426637050588,0.002176109869407543,0.014243827250790831,7.343793120875536e-05,0.00019744697978871538,0.0008678585499891217
182,960.4849631556965,0.0009309560163068,0.10149423974560336,3.136446599105418e-05,6.286416135518225e-05,0.0062607251020137256
183,961.2371508127114,0.0017619925234225594,0.030375989567021085,6.498678612761173e-05,0.0001660191913564514,0.001927808194742658
184,962.0812708092116,0.0011186342662882068,0.007805298331298075,4.661370336702497e-05,0.0003644726049799846,0.001629472466335925
185,963.7358667574114,0.0013608731635865261,0.01922253488733131,3.477356626031925e-05,0.00021009084669030927,0.0020278658389106708
186,965.0966163591345,0.001699647749649459,0.08271886511238893,1.2672286780217754e-05,4.350727202540573e-05,0.0012033041557218988
187,965.1831163545268,0.0008938426893988459,0.054331752865064344,8.051198972246104e-06,8.457595487711944e-05,0.0038312755764412726
188,965.524548773407,0.0018917492813102076,0.02300229347241832,4.031406909417141e-05,0.00022464277605449022,0.0016875069239504258
189,965.6748739064838,0.0034256117474090776,0.008584950339255841,0.00012341396586356012,0.00045046699678171745,0.0007046909264478416
190,965.759450869253,0.0011268607556631565,0.02795294655783415,1.8824837561459514e-05,0.00010585143206650924,0.0019163880405937833
191,972.1410891163124,0.0020960002005165927,0.022483812981698173,3.0791473632814186e-05,0.00013665812926946469,0.0009255268074384555
192,973.2402196125076,0.0027465983527285246,0.011072639479151332,6.805927932157378e-05,0.0002228546126231592,0.0005676065732280837
193,974.1291200382492,0.0012186669819841814,0.024630997381280596,4.851701009755258e-05,0.0002073416346106337,0.003062267508972659
194,974.7173601790277,0.003702102640056788,0.019185444446496586,0.00010467784882031968,0.000383262045396755,0.001211320417786338
195,975.0142325721516,0.005068740631549244,0.005950077204980364,0.00018235594272387383,0.0006668903272951225,0.0004788337189063011
196,976.1384701548895,0.001964027265127591,0.006028444409227163,9.07604790926908e-05,0.000462930576817855,0.0009236538421327068
197,977.5796279692763,0.0029270079302801976,0.012610875643626777,9.027164522242127e-05,0.00029695055960357966,0.0008303040128635168
198,977.9836124072953,0.0015364845557499728,0.010884315306105981,5.270954456318293e-05,0.00024732710952442375,0.0011831761741595316
199,978.0760177094584,0.002178475795933808,0.02029922998811372,5.401469739710168e-05,0.0001363987328670324,0.0009116121025452727
200,982.2729934183559,0.0004948262467190828,0.04211736355771004,1.923647514176485e-05,0.0001534318410627005,0.012448012626757831
201,982.4766457691803,0.0003715201427100742,0.04936858763352504,3.126504714872465e-05,0.00011273663247571645,0.01650622234400806
202,983.6147456041782,0.0018606439813453283,0.026329568226891278,4.32334633320418e-05,0.00010030837276786923,0.0009221263788497733
203,983.6645315822811,0.0007141518573735151,0.051748578455622064,1.06639686408537e-05,0.00012723159776463353,0.007642509278608961
204,983.9603781562288,0.0028011426697203824,0.014714954437870131,6.887087203441738e-05,0.0002307972949208918,0.0007872631949800506
205,984.8060394669832,0.00035877115857932493,0.038561931423537234,2.415216406078807e-05,0.00010777704286737823,0.01249967346687562
206,985.3877283257009,0.003954857230526721,0.028724339896319732,9.458117943435868e-05,0.0003384283024898184,0.001541801059139555
207,985.5720881083457,0.0011422854568803246,0.030278299155305274,6.869265741804422e-05,7.393139844100859e-05,0.0018879252533608134
208,986.5510868690942,0.000988650760532589,0.03539358222716733,2.332292120295145e-05,0.00017062312173739968,0.0039633589669223045
209,987.1749412722248,0.002240132415848777,0.016332233300954287,5.080375372914585e-05,0.0001426186707387542,0.0006944810605631898
210,987.8744494641084,0.0015424081347845595,0.042187847120833004,3.938661847662769e-05,8.416321004975897e-05,0.00131126046143513
211,988.1795735710608,0.0021310071552277294,0.03975582158893304,4.054976107380501e-05,0.0001082898511734141,0.0013546616685220505
212,989.3845371536179,0.0008897408209461245,0.015274785753995908,3.211560004376162e-05,0.00031699478877916614,0.004161419913451655
213,989.5657092692192,0.0006205843882550648,0.021166750221603692,3.902994206331336e-05,0.0002442879765216917,0.007588502206488418
214,990.2416175228497,0.0009461598940756147,0.04143244564321621,6.500379329406188e-05,0.00013808363144888743,0.005453446328845903
215,990.4256493762934,0.001030575118810937,0.04385161683964484,6.484220241737225e-05,6.661238114394773e-05,0.0031426950622546065
216,990.9605491265547,0.0009993099391305057,0.022513414432957377,4.1745740842079375e-05,0.00013196294553104214,0.001661034309694973
217,991.0610701031372,0.0016760083124201268,0.04199704988691391,4.964437555491434e-05,0.00018506935481414543,0.0032366302894742704
218,993.6798929244483,0.004130639383735291,0.008349544994571351,0.00011495877669022221,0.0004142291942098639,0.0005199432134966583
219,993.8397544598383,0.0031859963615751235,0.006218651536059775,0.00015381216521356575,0.0005440904880709986,0.000667520167556538
220,996.537586952277,0.0023639640671786507,0.05119039665110892,2.6481917611238573e-05,7.575741002918045e-05,0.0010920192335581635
221,997.3345127911238,0.0023237338290528543,0.007543333242737595,0.00010771036929732393,0.000318231702477327,0.0006770830516040223
222,997.9847623573114,0.002309130268760155,0.011370072651388823,0.00011527831629836706,0.0003739437711740094,0.0011939268457384325
223,998.4971497519955,0.005220435058032014,0.009595167895382636,0.00012317723830539436,0.00044812708620565447,0.0004997483917470329
224,1099.90033866198,0.0010180860358245277,0.05138916272679422,7.462204557306934e-05,3.6435164541058885e-05,0.0025913682305239304
225,1101.6257415428734,0.003031454916597614,0.007517995764020874,0.00013976129875353444,0.0005227846513488505,0.0007692445775098852
226,1101.6634662682604,0.0035117037540704087,0.018097690824385237,9.732451829273301e-05,0.0003197863135721905,0.0011314915438595799
227,1102.2178160862638,0.0034525519417522143,0.003657769014626071,0.0002468744223612368,0.0008854318405569895,0.0005811807926062287
228,1102.7317415949474,0.0017537232483284748,0.006691620270731912,0.00013127159343417045,0.0003009731699590352,0.0007554918163546806
229,1103.225221552961,0.002624366428126931,0.04073292614592259,7.949253276294286e-05,0.000259299579787734,0.002726276366545849
230,1104.9563059753582,0.004300628373415473,0.014795530930648915,0.00010499137024578027,0.0003774592293674517,0.0007944631148734488
231,1106.5757425885015,0.0027642983969509674,0.010689473004937016,8.138244544435431e-05,0.0003250141618879426,0.0007689378460421759
232,1106.6482892940871,0.003186137119852434,0.005245856009488844,0.00013874294179692037,0.0004913495734518994,0.0005047381526020281
233,1106.749858863342,0.0022911607055918167,0.006155508224845653,0.00014784233351733175,0.000514834307968418,0.0009131276760964938
234,1107.4376511046898,0.0007264863595897829,0.018708599324939075,7.544164219948394e-05,0.00036492933391246046,0.008159375806119896
235,1108.0550580783029,0.007093430605700172,0.006983658506720194,0.0002674016129292945,0.0009790103616144326,0.0005885865356367063
236,1108.7482579887633,0.0012785861516173053,0.02229570437298312,5.563889654372977e-05,0.00021989386279083992,0.0028508318917459187
237,1110.8429874283427,0.0016122624904796258,0.05807262036354098,4.250524469260112e-05,8.021145239777984e-05,0.001861783505152714
238,1110.959535299283,0.0008070278124849457,0.03017097787190369,2.601827231651508e-05,0.0002464636052110179,0.006649210691200409
239,1111.6431362599733,0.002247913663235415,0.03353896139672168,7.228535647982419e-05,0.00029384463492962236,0.002672497512029594
240,1111.738816388287,0.0006857983962505436,0.1197294529489102,3.366306067836461e-05,0.00012315873711067396,0.019594162508253257
241,1112.5383184589339,0.0003902875142330712,0.04045140838938071,4.7177097660632096e-05,0.00020358806981548194,0.022577220549582132
242,1112.6899629971576,0.0031622447072081773,0.04052108687788264,4.4606470075349807e-05,0.00015783668313177701,0.0012945939899141133
243,1114.1426797697684,0.001102047264000918,0.021608258799806483,0.00011911685833702036,0.00023781668744281365,0.003909454154437553
244,1114.1689045448773,0.0004909266494908506,0.082810105630436,3.134845259622684e-05,0.0001452930937224077,0.02481379263495354
245,1115.2016305752484,0.0023154232924546274,0.07915020206678557,4.558891868953403e-05,0.00014300102741580739,0.0034106199166554054
246,1115.524956227507,0.0004500944390583014,0.03345698252661809,5.221531802170218e-05,0.0002984653510205639,0.022401409546661498
247,1116.424015395626,0.002004162190208716,0.014057296661470767,0.00010603580280798338,0.00025685981977932766,0.0012314015889968667
248,1119.4888300919845,0.001242824907204176,0.14838008902034783,5.209037055473043e-05,5.271816616157292e-05,0.00444793937861984
249,1119.7992197325673,0.001368386289798333,0.013244406597406295,0.00012044768197835154,0.00037101362679384215,0.0027164325315981903
250,1120.3371984070725,0.003275243962676954,0.014017055239987813,0.00011188284383386873,0.00038728465208622454,0.0010454383228594803
251,1120.5951140399518,0.0012546019744963503,0.012581440069174337,0.00012709133858132275,0.0005448685595538878,0.003195938900191613
252,1120.7429855509808,0.0010607928119604666,0.06396136345446249,1.5534619166609162e-05,0.00014613981979818901,0.006095416442593931
253,1124.4769952200443,0.005274634302866246,0.03197572422023307,0.00012184389834294436,0.0004458977370165019,0.0016192417708556632
254,1130.2904717106176,0.0014089707513569392,0.017866631138575395,9.238137580149814e-05,0.00015703489467453762,0.0014835442601902995
255,1130.548619876632,0.0017530360571403408,0.00955826017904639,0.00012183420158142054,0.0003115286319034381,0.001172951050671575
256,1131.4405527522438,0.00355316556959156,0.15743813810318147,4.902824946294846e-05,0.0001727670765981543,0.004847715569785911
257,1131.537942396368,0.0018199093088221983,0.011254761147255059,7.285532060482816e-05,0.0004364683052152634,0.0015568830758986428
258,1131.8381290190844,0.002055921092709866,0.023103643755161652,7.47979752692215e-05,0.00019068613004833576,0.0014093748295127206
259,1132.159969748787,0.001431949092742511,0.02105657035245861,6.442623168446183e-05,0.0002034620418356425,0.00215086481165766
260,1132.3041867107656,0.0021889199787601082,0.011821671560477743,0.00010544273849928744,0.00035874729194654,0.0012734656893209648
261,1133.0369894559155,0.0018727045541131514,0.02726171437372613,6.215282055049541e-05,0.0002061550948152151,0.0018975673728869845
262,1135.2602349859524,0.0035074468123074336,0.01688586859549318,9.23085632318244e-05,0.0003292643806730399,0.0009922361410100945
263,1136.16850998796,0.004669994651934435,0.035285930938922044,8.721338663386402e-05,0.00030391250536551234,0.0014963674477708455
264,1137.2337525449027,0.0029298629915349844,0.013769755110016537,0.00010262134171379369,0.00039085802643041575,0.001151608477731576
265,1138.0839473996114,0.00077913727346379,0.0334828262048947,1.279289534298586e-05,0.00016797931558463586,0.0055636019803110524
266,1138.3937183932421,0.003186683388027473,0.016585658126171778,0.0001243082838086804,0.0004624829520707104,0.0014983464323568528
267,1140.7808276869862,0.00216999467996921,0.010499191784654777,0.00014561533702888997,0.0006836071435974073,0.0020209241437242477
268,1140.8302932937281,0.0013657751850963764,0.03894761463206997,1.888542238915287e-05,0.00016963302424997958,0.0029467749573526105
269,1141.0083733465704,0.0016810855383745471,0.1620640731695268,2.3019844508753494e-05,6.904930790595702e-05,0.004751981440853866
270,1141.0672369230244,0.0004348568500483041,0.026307687569069912,0.0001394555212675192,0.00040850349507155244,0.027600197486600603
271,1141.3709202687114,0.002103160761467232,0.009816551085434303,0.000157558278366805,0.00042407870829511217,0.0013266985856164681
272,1143.0875524595526,0.003162704775339377,0.02221873599819839,8.814413419716494e-05,0.0003043640741296073,0.0013500000287893056
273,1144.060794015386,0.0021153340833033893,0.013311247056468422,7.154531297197431e-05,0.00020563729420134555,0.0008387790899255132
274,1145.4502455428674,0.0011330724598215451,0.028892519821048214,2.691681314393545e-05,0.00023398088515916995,0.003891941762332188
275,1147.6426116881373,0.0013652834065590047,0.05884644775517787,3.411654172777038e-05,5.0761166267660587e-05,0.0011530554942365296
276,1148.7460026968447,0.0018348656397572311,0.016413055633424264,0.00012513526289051018,0.00030177890385574545,0.0017930904974610648
277,1149.2460002227576,0.0014685925552226844,0.011088741453244259,0.00015255611916919028,0.00028778481846980877,0.0011690372536649408
278,1150.2391643803257,0.0016987624897726664,0.0712437923489286,4.943608277745602e-05,0.0001443310107730626,0.003570505434787182
279,1152.2575975217076,0.0009895344476050516,0.10576405088377967,3.3667019638514984e-05,6.537270768311339e-05,0.006351411763850942
280,1152.3149940988985,0.0013055901854149069,0.03394954955531306,0.0001062031793059099,0.0001450797174672098,0.0029273544726047926
281,1152.7913489897542,0.002030077317199505,0.05117227534672233,2.6261843523010462e-05,6.887469069857397e-05,0.0011807769728813078
282,1153.5439625157983,0.0009207099336732414,0.033279856823185724,1.7799992237062933e-05,0.00019828842687806227,0.005183594194394879
283,1153.845940384478,0.0015598689447435317,0.01907193468840344,8.956945220028696e-05,0.00041996641709410987,0.003361781266791943
284,1156.542291985004,0.0016913732060332331,0.057913506194961,3.808891843127192e-05,0.00015369777488249812,0.0029704505011919117
285,1159.9772104713152,0.0014791120927562498,0.03378359343451259,3.502260639746661e-05,0.0002387014250175167,0.003100090501675292
286,1160.1007579411903,0.0015628897491106446,0.010357828051447606,9.99394686137669e-05,0.00034415130294094783,0.0016501840659773961
287,1165.3569101913565,0.0019409236876045545,0.008944052078316845,9.644367270883251e-05,0.0005277040800513695,0.0015002349172136464
288,1165.7620219747296,0.0020182856966069,0.0131727535446236,9.703437230914714e-05,0.00031015203047626995,0.0012648432997530012
289,1168.3449135140665,0.0019050476940943304,0.040803266547486075,3.8409380163454174e-05,0.00016964438251495183,0.0022517800408768203
290,1168.6586537343005,0.0008704759839713214,0.005545274867827715,0.0004743714642720019,0.0007064919168919266,0.001831824340003698
291,1170.6307744536691,0.0011030747300354343,0.03030850718524315,2.6190077800179996e-05,0.0001485253053739897,0.0029796296375484794
292,1171.2624085105263,0.0016431675753652549,0.017338734075829833,0.0001218343347252104,0.000419469634951655,0.0029863365652599396
293,1172.1140360667773,0.0014871164156023424,0.019585028787763414,6.957359417209355e-05,0.00010737160175560486,0.0009060706538270026
294,1172.717682777509,0.0007317984780595486,0.03013693571081898,4.7936667040844194e-05,0.00023610318883193293,0.008470873400442187
295,1172.9537828247894,0.0013001822541958735,0.039358531770886385,4.899662745874241e-05,6.111597352712614e-05,0.0014118508263068705
296,1173.06629641961,0.0005431062344551542,0.03390028881963416,1.815983819409713e-05,0.00018230853192548551,0.009664764320237221
297,1173.3638263791845,0.0021356394743959665,0.008327320670216777,0.00013629338467325246,0.00045503453557636434,0.0011541057657370529
298,1174.6521995857865,0.0009735710226023573,0.06830423593513275,2.209068577916605e-05,8.096108051074572e-05,0.0045266567971009395
299,1175.01968010347,0.0014545194394527576,0.09162033426813064,3.7302210277700576e-05,5.9231474782631364e-05,0.0026608568616623223
300,1178.1769650871531,0.0006814437119106603,0.14416059467606604,3.6468945388032714e-05,0.00013340757672821422,0.026155102058280352
301,1178.2030972434493,0.002229082577561842,0.011890219569697423,0.00012980248134422716,0.0005759884929404885,0.0020183915645059047
302,1182.8943361919257,0.002005327657494437,0.01356839767103934,5.627683541944496e-05,0.00013853657503468605,0.0006317097920779481
303,1182.9312871779823,0.004248413519986951,0.0165521827561182,0.0003803614162393251,0.0014082135651294566,0.0032047703697946515
304,1182.9612943723344,0.001186777561680424,0.05267635621684989,1.7102753814438462e-05,9.267480500595893e-05,0.0030911636092976666
305,1183.1006444624754,0.0020918326606511,0.03268767070587755,4.4439944854434147e-05,0.00011968564034572552,0.0013773015432714706
306,1183.4014848137356,0.0031184088170486813,0.015638210116555782,6.381080124911061e-05,0.00022388928253443472,0.0007113616392956457
307,1188.0999473059446,0.0020881129087338556,0.008519599344358107,8.958271657241623e-05,0.00042833060106062655,0.0011046043076838896
308,1188.3222487845303,0.0014569928575356465,0.08872548424493942,3.3354866929578044e-05,5.554122820182934e-05,0.0019508407249193033
309,1188.4328243046825,0.0014587246928327523,0.12364288276942303,7.65392586999391e-06,6.075504847481483e-05,0.00313734017899735
310,1188.74656603687,0.0004911236819882943,0.003248296547457067,0.0006802505622084576,0.0007237604704877551,0.0022713582367432246
311,1189.0401200393615,0.0012819076908719826,0.022003989234446242,5.731104960420514e-05,6.502426184435061e-05,0.0007060513648435903
312,1189.2121249721695,0.002280673847791804,0.015008428812605633,6.838002677843554e-05,0.0002660749800667771,0.0010784375973501973
313,1189.2706269892208,0.003842425470564147,0.006430404348946019,9.34707611567482e-05,0.00034202460530879367,0.0003506765262076189
314,1189.6118397149753,0.003943928942803322,0.016786885140045192,0.00011485185814907962,0.0004123408791684547,0.0011055148068071692
315,1190.5827707183373,0.0017613410972362536,0.03509623804216474,3.4649452495132746e-05,0.00011781919652373554,0.0015248696900681902
316,1190.925159469358,0.0017595305507114134,0.011087821918904105,3.328932196859953e-05,0.0002068805270344864,0.000791991157380477
317,1191.081000685109,0.0011967414082628622,0.01872723815336204,1.6760180326793196e-05,0.00013967711270867328,0.0013201636748543285
318,1191.1062047336488,0.00043338019882641467,0.03128681489233714,5.249485310661301e-05,0.00011276103482978794,0.009540501975067011
319,1191.1821509343395,0.003023112444465214,0.017359678213734686,5.9091141479064365e-05,0.00021335760122227635,0.0007704486555341636
320,1191.636743429032,0.0008468821824023641,0.029547567448626542,1.4875783535348364e-05,0.0001016939575614992,0.0024331834057169546
321,1192.8588561482836,0.0009544315688233288,0.07972540476395831,2.828780919427478e-05,0.00013873192055556313,0.008966544545218183
322,1193.3138564745057,0.0019340276538050254,0.07690220250959648,1.8113725336214635e-05,7.310218102664001e-05,0.0017554399582123585
323,1193.5877846232158,0.0034665341216345204,0.015341173368339867,8.040125245365094e-05,0.0002885819730296969,0.0007657427778022576
324,1195.1310101211252,0.0008451209119217448,0.020965494827285013,2.3331548538828866e-05,0.00026411464160831175,0.004748346955213437
325,1196.5852152629895,0.0005171209225030196,0.09354157284535035,5.8779991971400694e-06,6.426434677223974e-05,0.010792909852163869
326,1196.7434869943506,0.0009731749852871151,0.026308329421762533,2.8376883251062954e-05,8.006609520531545e-05,0.001811807057535792
327,1196.7814752276151,0.0007971239410948625,0.07109711442802497,1.6729447070363435e-05,0.00010237740972530506,0.007346301773352637
328,1197.801381459159,0.0012308161155108108,0.33332857441975405,8.28711584849881e-06,2.3764606328857996e-05,0.004816974683002175
329,1197.9556519970427,0.00160911435847447,0.0541688423251652,5.060182298644863e-05,0.00010242851980760638,0.0021125092473816215
330,1199.4724436466242,0.0006457391195263924,0.011841542304802841,0.00023690293080367645,0.000171958211668487,0.0007807691554051542
331,1201.3831127763472,0.001033442892022171,0.007626311660093034,0.000144708798780704,0.000315957833634754,0.0010977887535614014
332,1201.8989164712652,0.001353594999735264,0.011518015456345477,2.059221700067194e-05,0.00016248623369646985,0.0008787758554211864
333,1203.8285047546997,0.0009439995586441906,0.05942231599949604,3.66595941250646e-06,4.5951839649422725e-05,0.001896039124535862
334,1204.1864949946394,0.0007392276149947789,0.013588413508609225,0.00034902785518999425,0.00021603266689240868,0.006765235563303906
335,1204.5139225897594,0.0012446414619175499,0.022642925395937413,3.213648380859741e-05,0.0001488008217614779,0.0019472451662178839
336,1204.7617206798247,0.0007741959229682475,0.09015141723240726,1.0743016271247982e-05,6.18970301970586e-05,0.005974184447103166
337,1205.636903917393,0.0016010683207275795,0.009083491466260737,7.014209688380044e-05,0.00017287433074438565,0.0005516699833843271
338,1206.008305590487,0.001640135442704508,0.019340885707987084,1.86003212513734e-05,0.00014620834008163865,0.0009650977168641099
339,1206.1318567636838,0.0010976635779662276,0.012135037573725109,8.95400164338277e-05,9.30962190650774e-05,0.0010560647037005473
340,1207.4355323533157,0.0026136621625768106,0.020450451880135282,4.7288783050890865e-05,0.00019395072362484667,0.0009355441281059901
341,1207.6086811020532,0.0017651250650522398,0.021425300648793315,5.4528096501051626e-05,0.0001287612495374134,0.00105684240659203
342,1208.3060895231042,0.002373911554896035,0.03899385452959455,2.7573193466043856e-05,0.00011252853294830882,0.0011336147439979071
343,1208.444284623695,0.001255693768736744,0.05775443998828898,5.37907681056047e-05,0.00011864637792059421,0.0042494796685478555
344,1208.6492796533928,0.0032465265699204338,0.019915208165533986,6.332099921507433e-05,0.00022118289977087624,0.0008526519350080135
345,1209.443138716244,0.0036734461442792686,0.012294685222409634,7.82817219890686e-05,0.0002953538066715176,0.0005583533658404266
346,1210.1563129904962,0.002776909259561482,0.00927829919756056,9.404745816221454e-05,0.000318175358358137,0.00068007118940914
347,1210.3511319825755,0.0017731226913816193,0.01874812674078538,4.8223084605063185e-05,0.00013172425807819776,0.0008341355269712058
348,1210.750252291378,0.0004176064773304437,0.46606188141495153,1.0027659483026346e-05,3.948908011170764e-05,0.04688384751281895
349,1210.9803577542662,0.0012932021076060742,0.09936340799606508,4.022224090900925e-05,5.141514086452527e-05,0.002044958810984779
350,1211.4756446475774,0.0016819151092855279,0.013818986544737913,7.9216703785677e-05,0.00017310214075383964,0.0008690163764618926
351,1212.0699314319704,0.0012679936957097656,0.01137819289338358,4.889378494299854e-05,0.00015259821960033669,0.001024585471984419
352,1212.681051745715,0.001128845746076718,0.08018082056085925,3.4364389945579046e-05,4.0948871391606436e-05,0.002715101601257005
353,1216.8723781101346,0.0009457782176662341,0.048873390971612925,1.4761072220578604e-05,0.00010156065696238499,0.003443934900768838
354,1218.1628282347624,0.004124688138129338,0.026709956608829643,9.230824649330606e-05,0.0003076554843483266,0.0013846905146889478
355,1219.3492964723205,0.0015278019329165646,0.013399738583614295,3.1714301067222356e-05,0.00014848419137817825,0.000854209208240941
356,1221.664330811538,0.0012263311487852248,0.019889152939102598,1.17345499603436e-05,0.00010144513779582479,0.001079817748939861
357,1222.2671802038299,0.0020663624004848007,0.13010389274114278,2.223946813699975e-05,7.776042124336205e-05,0.002979197441608309
358,1222.3476422033798,0.004998451567827202,0.005249686473725704,0.000191916320370035,0.0007020002437696717,0.00045024332402770665
359,1222.5791976389444,0.0010435002432413792,0.5590388975091342,2.711116506954946e-05,0.00011281839516396216,0.047066939567857055
360,1223.799542734342,0.006434027911288991,0.016407967433918275,0.00011430362939004229,0.0004202023710343021,0.0006400134894903924
361,1226.8979230720076,0.0017990669036744872,0.008710713317039013,5.476391630162787e-05,0.00017481582303066916,0.0005666352586962112
362,1228.1382544243086,0.00256521549535318,0.10832726459027513,2.7055433313264225e-05,9.644831665396105e-05,0.0028718124860157993
363,1228.2278428882162,0.0022081700950021457,0.010970392529665888,9.131164789650276e-05,0.00025911258358989064,0.0008452812158166636
364,1228.5836419427071,0.0011694646802825166,0.03613339930226883,3.922227151816583e-05,0.00010140736928202076,0.0024262342627012685
365,1228.93378575991,0.0016899955307569927,0.04094744625404234,2.318699848786742e-05,8.884221420293125e-05,0.0014454430384239591
366,1230.1670093467199,0.0019227736336116367,0.017204420994374126,4.714030479989923e-05,0.00011810050058006397,0.0006849847008290839
367,1231.341400685146,0.0009180961615674187,0.03460203534717979,2.1698051855216042e-05,0.00011754262614136499,0.0035025008107421097
368,1234.1605507356371,0.002996745942845047,0.014191872519333308,7.714935470692407e-05,0.0002789237269759783,0.000822824154459829
369,1234.9579669190073,0.0015308417034872162,0.02462609996360841,4.9580728753964986e-05,0.00010740764090789034,0.001293723144668237
370,1236.5650544751732,0.0018873576276609311,0.015332709378538797,0.00010093800029748617,0.00028752835703261447,0.0014255720664040968
371,1237.087539021399,0.0020359909317841955,0.03787046802164043,3.156473552387918e-05,0.00010064232747784399,0.0011299096772173886
372,1237.2052619913977,0.00046662088033729677,0.02846986596395442,1.1127339376375105e-05,0.00010066704984199806,0.0059634345946867374
373,1237.865472806766,0.0010704589156892692,0.025674258571603492,4.644499331529287e-05,0.00023776470114380294,0.004266249120810532
374,1238.5286660397153,0.0010672048114833564,0.04268290612177639,0.000100197002224128,0.00017531408423557762,0.0028175523108764193
375,1239.5856329285118,0.0009947123878306199,0.03902865178245486,8.908485120182962e-05,6.689420746689346e-05,0.0035584261614738863
376,1240.7274829661753,0.001684466441194405,0.016812247893526484,4.006309543603759e-05,9.175772947577919e-05,0.0005510415535951895
377,1241.00117388683,0.0024056325330872467,0.010978025208800892,7.224366136616991e-05,0.0002614618468509637,0.0007498313543816063
378,1241.2065581552454,0.002370264633537968,0.028709953479467976,2.436982896206517e-05,8.713240932555166e-05,0.0006686532150607512
379,1242.649742002022,0.0011786015778620996,0.05994786160743075,5.176900986099086e-06,3.86601790919345e-05,0.0012214932195975306
380,1244.0652902347476,0.0028643327715818963,0.0069423816878655415,9.15134602600183e-05,0.0003048186677747052,0.0004642615398338713
381,1244.5851510891914,0.0037366399131410397,0.021179045558711255,6.896202806874365e-05,0.00024681169342404284,0.0008546237538740359
382,1248.8093162790703,0.000967392286454009,0.037122311957116474,1.1178449599807056e-05,7.453247600088488e-05,0.0018453179128949285
383,1248.8931183646885,0.0023316262873578743,0.05140112732954083,5.2900414114753284e-05,0.0001502571340410892,0.0021882326120634577
384,1249.2623844759148,0.0013791703632424902,0.0161559553772845,3.0091574662260307e-05,0.00023083381064087423,0.0016948471158826875
385,1249.962610596037,0.0012485852658819518,0.022229610195018835,2.6284325468154643e-05,0.0002262567613106531,0.002630100267148315
386,1250.1657177639493,0.002592463432578339,0.030727722677557554,5.368752226934002e-05,0.0001855609257852661,0.0013818981741599275
387,1250.3449625389594,0.003777665045476351,0.026504201924773922,6.500780258286094e-05,0.00023111040816321658,0.00100526167900059
388,1250.5758928174566,0.0028581658701327503,0.02017240768205729,4.588747667046839e-05,0.00017281200202292284,0.0007465932199517736
389,1250.728180468132,0.0009468093607405697,0.014834379657895469,1.9483427246631438e-05,0.0001752518392073533,0.002035745854848934
390,1251.2558696273043,0.001369246969393494,0.06182030918339765,3.448664982317063e-05,4.7836341266124024e-05,0.0013358710343657628
391,1251.9988736695973,0.0013633073702780391,0.017949755577418066,4.870602509871668e-05,0.00010343189536012891,0.0010349848747341728
392,1255.4163577700708,0.004530239066680653,0.01565208483216012,9.335900157672086e-05,0.0003374136790231213,0.0007204690141540037
393,1255.5335265507015,0.0012370410711084693,0.016112499146833572,8.835084466950889e-05,0.00015179754067414747,0.0008691404308660853
394,1256.2372745137743,0.001215478983873139,0.008209379502735651,4.467136664822627e-05,0.00030710792474837964,0.0012738223305769785
395,1257.728192782653,0.004285605448276161,0.060410355940388606,7.550522245266924e-05,0.0002706764743751374,0.0023463424156584417
396,1260.3936755012205,0.0008880901129482558,0.06870997035413613,1.3713671798075598e-05,9.370440231242777e-05,0.005551853690709556
397,1260.8412259273928,0.0009419962210886092,0.07963431231388744,1.2533533236795116e-05,6.639904690515798e-05,0.0043298092930459196
398,1263.435457640283,0.0022063113935075194,0.013066793640944327,4.912704089528475e-05,0.00015769495166567568,0.0006052040330250693
399,1263.9255262701035,0.0013973007266678138,0.0306785882843656,1.0236908370563068e-05,6.211796029637664e-05,0.0009148572131796383
400,1264.0542831170578,0.0014354231052410625,0.025423981439514447,1.694921373264745e-05,9.608317298754049e-05,0.0011373226750178826
401,1265.065597622849,0.0018345102343744737,0.014246800040039457,4.0296372730563836e-05,0.00010438122724795052,0.0005041542792809324
402,1265.5292589114758,0.0019470040165878927,0.02082195668355733,4.647973276859677e-05,0.0001228334126310788,0.0010270239304917776
403,1265.998133115034,0.001073072680370174,0.020776195063265408,2.032197038710357e-05,0.00022762437440113754,0.0028909179936026843
404,1266.5514553188987,0.003825735432952939,0.01679459860714147,7.624616159514888e-05,0.00028266424456453693,0.0007104675477675557
405,1266.6368837580767,0.00219004772094536,0.045964056315115936,8.084184738116539e-05,0.00022110224365385928,0.003404828443038234
406,1267.159250314584,0.003772445147868511,0.009473812690585077,8.822820296635027e-05,0.0003187192740095766,0.0004954244489825151
407,1267.3203842076712,0.001123949987630698,0.012170572819326967,4.1721354226760706e-05,0.0001591404280120722,0.0013224374763149932
408,1267.8696768716347,0.001748484232839716,0.008308773313271465,9.163488654625908e-05,0.00023067085678618192,0.0007513270373673919
409,1269.7995968402834,0.0013657881138353209,0.011638188244049009,4.45497460238625e-05,0.00026872789305140335,0.0013597722416375032
410,1271.6571067635866,0.0015968206667779218,0.01321140713315918,5.138236288938854e-05,0.0002672274491451927,0.0012642929817032384
411,1271.7499757899589,0.0009593999307894126,0.05474024071352565,6.697437629737431e-05,0.00011526537181610577,0.006183085324339993
412,1272.0765839368,0.0019243673565128184,0.023613653244121752,5.314489417223034e-05,0.00011189373263342037,0.0010299759617653091
413,1272.4309116871627,0.004257836874876752,0.01959849206149586,5.635965961220629e-05,0.00021009620421274478,0.0005495577618200202
