,"index of flare start in ""gj1243_master_slc.dat""","index of flare stop in ""gj1243_master_slc.dat""",t_start,t_stop,t_peak,t_rise,t_decay,flux peak,ED,Duration of rise,Duration of decay,Complex flag,# of people that identified flare event exists,# of people that analyzed this month,# of flare template components fit to event,Flare_Duration,Index,Flare_Number,Type,Notes,na,key
0,275.0,310.0,539.6466675,539.6711426,539.6500244,0.0033569,0.0211182,0.0057328,2.60132,0.2913592,2.3099608,1.0,8.0,8.0,2.0,35.2441440000257,0,0.0,1.0,,,
1,594.0,614.0,539.8659668,539.880249,539.8700562,0.0040894,0.0101929,0.0047952,0.978497,0.1878194,0.7906776,1.0,8.0,8.0,1.0,20.566368000036164,1,1.0,1.0,Peak marked higher than interp_data,,
2,2438.0,2459.0,541.1424561,541.1567383,541.1444702,0.0020142,0.0122681,0.0065914,2.3783009,0.5676513,1.8106496,1.0,8.0,8.0,1.0,20.566368000036164,5,5.0,1.0,,,
3,2475.0,2517.0,541.1676636,541.1968994,541.1730957,0.0054321,0.0238037,0.0105782,4.9310956,1.4132259,3.5178695,1.0,8.0,8.0,1.0,42.099552000054246,6,6.0,1.0,,,
4,2565.0,2587.0,541.2296143,541.2453003,541.2323608,0.0027466,0.0129395,0.0055097,1.9378382,0.6508439,1.2869942,1.0,8.0,8.0,1.0,22.587840000105643,7,7.0,1.0,,,
5,2702.0,2725.0,541.3236084,541.3392944,541.3256836,0.0020752,0.0136108,0.0150692,3.6370852,0.9499289,2.6871564,1.0,8.0,8.0,1.0,22.587839999941934,8,8.0,1.0,,,
6,2825.0,2852.0,541.4080811,541.4264526,541.4100952,0.0020142,0.0163574,0.0105957,3.7333329,0.9047078,2.8286252,1.0,8.0,8.0,1.0,26.454959999919083,9,9.0,1.0,,,
7,3022.0,3072.0,541.5429688,541.5783691,541.5463257,0.0033569,0.0320435,0.0159922,11.1584044,1.3592737,9.7991304,1.0,8.0,8.0,2.0,50.97643199998856,10,10.0,1.0,,,
8,3379.0,3406.0,541.7902222,541.8085938,541.7915649,0.0013428,0.0170288,0.0113243,4.1004338,0.3482727,3.7521613,1.0,8.0,8.0,2.0,26.455104000033316,11,11.0,1.0,,,
9,3458.0,3480.0,541.8439941,541.8596802,541.8467407,0.0027466,0.0129395,0.0130988,3.8262684,0.8132266,3.013042,1.0,8.0,8.0,1.0,22.587983999892458,12,12.0,1.0,,,
10,3552.0,3604.0,541.9094238,541.9454956,541.911438,0.0020142,0.0340576,0.1000876,39.243309,2.838378,36.4049301,1.0,8.0,8.0,2.0,51.943391999921005,13,13.0,1.0,,,
11,4666.0,4686.0,542.6729736,542.6872559,542.6756592,0.0026855,0.0115967,0.0038321,1.9401146,0.4156623,1.5244523,1.0,8.0,8.0,1.0,20.566511999986687,16,16.0,1.0,,,
12,5484.0,5512.0,543.2362671,543.2553101,543.2410278,0.0047607,0.0142822,0.0108677,4.2461991,1.0809542,3.1652451,1.0,8.0,8.0,2.0,27.421920000015234,17,17.0,1.0,,,
13,5553.0,5580.0,543.2832642,543.3016357,543.2873535,0.0040894,0.0142822,0.0138366,4.3572159,0.5426043,3.8146114,1.0,8.0,8.0,2.0,26.454960000082792,18,18.0,1.0,,,
14,6392.0,6420.0,543.8560791,543.8751831,543.8594971,0.003418,0.015686,0.0047978,3.7713583,0.5111338,3.2602243,1.0,8.0,8.0,2.0,27.50975999995717,21,21.0,1.0,,,
15,7642.0,7696.0,544.720459,544.758606,544.7252197,0.0047607,0.0333862,0.0034462,2.1350672,0.0123553,2.1227119,1.0,8.0,8.0,1.0,54.9316799999724,24,24.0,1.0,,,
16,7897.0,7919.0,544.897583,544.913208,544.9016724,0.0040894,0.0115356,0.0049792,1.299311,0.1846548,1.1146563,1.0,8.0,8.0,1.0,22.5,25,25.0,1.0,,,
17,8243.0,8282.0,545.1359863,545.1638794,545.1414185,0.0054321,0.0224609,0.0081271,4.9183044,0.7844543,4.1338501,1.0,8.0,8.0,1.0,40.16606400004093,28,28.0,1.0,,,
18,8314.0,8362.0,545.1856689,545.2183838,545.1890869,0.003418,0.0292969,0.0559191,23.0301533,1.7425251,21.2876282,1.0,8.0,8.0,3.0,47.10945599996194,29,29.0,1.0,,,
19,9351.0,9382.0,545.8995361,545.9206543,545.9022217,0.0026855,0.0184326,0.012309,4.5710764,0.4910358,4.0800405,1.0,8.0,8.0,2.0,30.410208000066632,30,30.0,1.0,,,
20,9526.0,9550.0,546.0200806,546.0371094,546.0214233,0.0013428,0.015686,0.0136167,3.0579815,0.3900552,2.6679261,1.0,8.0,8.0,2.0,24.52147199990577,31,31.0,1.0,,,
21,10122.0,10144.0,546.4307861,546.4458008,546.4321899,0.0014038,0.0136108,0.0157786,3.8840108,0.4247175,3.4592934,1.0,8.0,8.0,2.0,21.62116800007425,34,34.0,1.0,,,
22,10701.0,10731.0,546.8292847,546.8497314,546.8320312,0.0027466,0.0177002,0.0138794,4.645813,1.4112439,3.2345691,1.0,8.0,8.0,1.0,29.44324799997048,36,36.0,1.0,,,
23,10803.0,10823.0,546.8987427,546.9137573,546.9001465,0.0014038,0.0136108,0.0060659,2.5469601,0.0916952,2.4552648,1.0,8.0,8.0,1.0,21.621024000123725,37,37.0,1.0,,,
24,10832.0,10870.0,546.9198608,546.9471436,546.9246216,0.0047607,0.022522,0.0118162,9.4540081,1.0978025,8.3562059,1.0,8.0,8.0,2.0,39.28723199995147,38,38.0,1.0,,,
25,11051.0,11074.0,547.4641113,547.4797974,547.4668579,0.0027466,0.0129395,0.0112124,3.7991269,1.029163,2.7699637,1.0,8.0,8.0,1.0,22.587984000056167,40,40.0,1.0,,,
26,11452.0,11479.0,547.7385864,547.7576904,547.7420044,0.003418,0.015686,0.0070361,3.6120732,0.9377127,2.6743605,1.0,8.0,8.0,1.0,27.50975999995717,41,41.0,1.0,,,
27,12686.0,12728.0,548.5859375,548.614563,548.5886841,0.0027466,0.0258789,0.0163852,8.4465399,1.4082863,7.0382533,1.0,8.0,8.0,2.0,41.220719999964786,44,44.0,1.0,,,
28,13379.0,13412.0,549.0668335,549.0892944,549.0688477,0.0020142,0.0204468,0.0161755,4.8866978,0.457309,4.429389,1.0,8.0,8.0,2.0,32.343695999916235,45,45.0,1.0,,,
29,13731.0,13751.0,549.3099976,549.3242798,549.3127441,0.0027466,0.0115356,0.0033731,1.8626379,0.366719,1.495919,1.0,8.0,8.0,1.0,20.566368000036164,49,49.0,1.0,,,
30,14733.0,14772.0,550.0013428,550.0292969,550.0040894,0.0027466,0.0252075,0.0173504,9.4447107,1.529237,7.9154735,1.0,8.0,8.0,1.0,40.25390399998287,52,52.0,1.0,,,
31,15292.0,15320.0,550.5333252,550.5523682,550.5374146,0.0040894,0.0149536,0.0159123,5.5768094,1.2394106,4.337399,1.0,8.0,8.0,1.0,27.421920000015234,54,54.0,1.0,,,
32,15695.0,15724.0,550.8112183,550.8309937,550.8187256,0.0075073,0.0122681,0.0040383,1.3733408,0.1781203,1.1952206,1.0,8.0,8.0,1.0,28.476576000102796,55,55.0,1.0,,,
33,16542.0,16584.0,551.3936157,551.423584,551.3956299,0.0020142,0.0279541,0.0054233,1.0203427,0.1931687,0.827174,1.0,8.0,8.0,2.0,43.15435199992862,57,57.0,2.0,adjust start_stop times,,
34,16996.0,17027.0,551.704895,551.7266846,551.7069092,0.0020142,0.0197754,0.01668,6.659101,0.4780664,6.1810346,1.0,8.0,8.0,1.0,31.37702400004855,59,59.0,1.0,,,
35,17569.0,17604.0,552.1026611,552.1265259,552.1060791,0.003418,0.0204468,0.0137589,5.6509194,0.3435438,5.3073754,1.0,8.0,8.0,2.0,34.36531200009995,61,61.0,1.0,,,
36,17658.0,17682.0,552.1639404,552.1809692,552.1673584,0.003418,0.0136108,0.0172826,5.3138223,1.8872051,3.4266174,1.0,8.0,8.0,1.0,24.52147200006948,62,62.0,1.0,,,
37,18081.0,18132.0,552.4534302,552.4888916,552.4568481,0.003418,0.0320435,0.0147647,9.7799225,0.2882535,9.4916697,1.0,8.0,8.0,2.0,51.06441600004473,63,63.0,1.0,,,
38,18871.0,18911.0,552.9976807,553.0249023,553.0031128,0.0054321,0.0217896,0.0173452,6.4823966,0.6962252,5.7861714,1.0,8.0,8.0,1.0,39.19910399994478,67,67.0,1.0,,,
39,18991.0,19014.0,553.0889282,553.1046143,553.0923462,0.003418,0.0122681,0.0055492,2.6077588,0.6012791,2.0064795,1.0,8.0,8.0,1.0,22.587983999892458,68,68.0,1.0,,,
40,19591.0,19626.0,553.4996948,553.5234985,553.5146484,0.0149536,0.0088501,0.0080698,1.5525447,0.0819445,1.4706002,1.0,8.0,8.0,1.0,34.27732799988007,71,71.0,2.0,adjust start_stop times,,
41,20755.0,20809.0,554.302063,554.3388672,554.3068237,0.0047607,0.0320435,0.0229987,17.5680084,1.935626,15.6323824,1.0,8.0,8.0,3.0,52.998048000008566,73,73.0,1.0,,,
42,20976.0,21002.0,554.4539795,554.4716797,554.456665,0.0026855,0.0150146,0.0086922,2.5751538,0.6564316,1.9187223,1.0,8.0,8.0,1.0,25.488288000051398,74,74.0,1.0,,,
43,21435.0,21466.0,554.7686157,554.7904663,554.7706909,0.0020752,0.0197754,0.0174097,5.696116,0.5723684,5.1237478,1.0,8.0,8.0,1.0,31.464863999990484,75,75.0,1.0,,,
44,21924.0,21950.0,555.1044312,555.1228027,555.1071777,0.0027466,0.015625,0.0516928,7.9421825,3.178865,4.7633176,1.0,8.0,8.0,1.0,26.454959999919083,77,77.0,1.0,,,
45,22180.0,22214.0,555.2822266,555.3053589,555.2869873,0.0047607,0.0183716,0.0098109,4.0148582,1.0399195,2.9749386,1.0,8.0,8.0,1.0,33.31051200006186,79,79.0,1.0,,,
46,22324.0,22351.0,555.3809814,555.399353,555.3843994,0.003418,0.0149536,0.0051536,1.2519102,0.0321752,1.219735,1.0,8.0,8.0,1.0,26.455104000033316,80,80.0,2.0,,,
47,23943.0,23964.0,556.5797729,556.5947876,556.5811768,0.0014038,0.0136108,0.0165027,3.4576404,0.5991173,2.8585231,1.0,8.0,8.0,1.0,21.62116800007425,83,83.0,1.0,,,
48,23970.0,24010.0,556.598877,556.62677,556.6097412,0.0108643,0.0170288,0.0207829,7.914536,2.4403322,5.4742036,1.0,8.0,8.0,2.0,40.1659199999267,84,84.0,2.0,adjust start_stop times,,
49,24592.0,24614.0,557.0252686,557.0402222,557.0279541,0.0026855,0.0122681,0.0098401,3.4237893,0.6399645,2.7838247,1.0,8.0,8.0,1.0,21.533184000018082,85,85.0,1.0,,,
50,24709.0,24750.0,557.1056519,557.1348877,557.1083374,0.0026855,0.0265503,0.0170403,9.9840088,1.0008482,8.983161,1.0,8.0,8.0,2.0,42.099552000054246,86,86.0,1.0,,,
51,25058.0,25084.0,557.3447266,557.3624268,557.3467407,0.0020142,0.015686,0.0071101,3.1815903,0.1515173,3.0300729,1.0,8.0,8.0,2.0,25.488288000051398,87,87.0,1.0,,,
52,25745.0,25793.0,557.8173828,557.8514404,557.8214722,0.0040894,0.0299683,0.0269112,16.2598038,2.5075982,13.7522058,1.0,8.0,8.0,2.0,49.04294399997525,88,88.0,1.0,,,
53,25889.0,25911.0,557.9168701,557.9324951,557.9188843,0.0020142,0.0136108,0.0058469,2.165581,0.1789093,1.9866718,1.0,8.0,8.0,1.0,22.5,89,89.0,1.0,,,
54,26259.0,26287.0,558.1723022,558.1913452,558.173645,0.0013428,0.0177002,0.0116922,5.0811439,0.3254239,4.7557197,1.0,8.0,8.0,2.0,27.421920000015234,91,91.0,1.0,,,
55,26330.0,26371.0,558.2206421,558.249939,558.2233887,0.0027466,0.0265503,0.0265279,8.1723289,2.8543086,5.3180199,1.0,8.0,8.0,2.0,42.18753600011041,92,92.0,1.0,,,
56,27570.0,27598.0,559.0843506,559.1040649,559.0897827,0.0054321,0.0142822,0.0063253,3.8018124,1.0767394,2.7250729,1.0,8.0,8.0,1.0,28.38859200004663,93,93.0,1.0,,,
57,27928.0,27957.0,559.3302002,559.350647,559.3342896,0.0040894,0.0163574,0.0119882,3.862226,0.7376971,3.1245289,1.0,8.0,8.0,2.0,29.443391999921005,94,94.0,1.0,,,
58,28139.0,28172.0,559.4766846,559.4991455,559.4786987,0.0020142,0.0204468,0.0138714,5.1829433,0.4169717,4.7659717,1.0,8.0,8.0,1.0,32.343696000079944,95,95.0,1.0,,,
59,30301.0,30322.0,560.9574585,560.9724121,560.960144,0.0026855,0.0122681,0.0052996,1.9727421,0.5762673,1.3964748,1.0,8.0,8.0,1.0,21.533184000018082,99,99.0,1.0,,,
60,30505.0,30526.0,561.0991211,561.1134033,561.1025391,0.003418,0.0108643,0.0105369,2.3235312,0.5034071,1.8201241,1.0,8.0,8.0,1.0,20.566367999872455,102,102.0,1.0,,,
61,30560.0,30581.0,561.1365967,561.1508789,561.140686,0.0040894,0.0101929,0.0037908,1.582538,0.4921558,1.0903822,1.0,8.0,8.0,1.0,20.566367999872455,103,103.0,1.0,,,
62,30864.0,30905.0,561.3450317,561.3743286,561.3470459,0.0020142,0.0272827,0.0326909,13.1901045,2.6251118,10.5649929,1.0,8.0,8.0,1.0,42.187535999946704,105,105.0,1.0,,,
63,32060.0,32081.0,562.1739502,562.1882324,562.1766968,0.0027466,0.0115356,0.003561,0.8166102,0.3981765,0.4184336,1.0,8.0,8.0,1.0,20.566367999872455,108,108.0,2.0,,,
64,33234.0,33259.0,562.987915,563.0049438,562.9892578,0.0013428,0.015686,0.0085742,3.4199224,0.2660686,3.1538537,1.0,8.0,8.0,2.0,24.52147199990577,114,114.0,1.0,,,
65,33782.0,33819.0,563.364563,563.3897705,563.367981,0.003418,0.0217896,0.0166198,6.0838747,0.8615756,5.2222991,1.0,8.0,8.0,1.0,36.29880000011326,115,115.0,1.0,,,
66,34284.0,34307.0,563.7105713,563.7262573,563.7133179,0.0027466,0.0129395,0.009548,1.9289573,0.1186879,1.8102695,1.0,8.0,8.0,1.0,22.587840000105643,116,116.0,1.0,,,
67,34719.0,34749.0,564.0075684,564.0280151,564.0096436,0.0020752,0.0183716,0.0210789,6.4898605,1.4140075,5.0758533,1.0,8.0,8.0,1.0,29.44324799997048,117,117.0,1.0,,,
68,35178.0,35201.0,564.3215942,564.3372192,564.3242798,0.0026855,0.0129395,0.0056923,3.0360093,0.3796654,2.6563439,1.0,8.0,8.0,1.0,22.5,118,118.0,1.0,,,
69,35417.0,35446.0,564.4863892,564.5061646,564.4911499,0.0047607,0.0150146,0.0090515,4.1505103,0.5008178,3.6496923,1.0,8.0,8.0,1.0,28.476576000102796,119,119.0,1.0,,,
70,37492.0,37520.0,565.9494629,565.9692383,565.9528809,0.003418,0.0163574,0.0240485,6.4506745,1.2105247,5.24015,1.0,8.0,8.0,1.0,28.476576000102796,124,124.0,1.0,,,
71,39048.0,39071.0,567.8675537,567.8832397,567.8709717,0.003418,0.0122681,0.0048311,2.4905934,0.6525428,1.8380506,1.0,7.0,7.0,1.0,22.587839999941934,128,128.0,1.0,,,
72,39603.0,39625.0,568.2496948,568.2646484,568.2523804,0.0026855,0.0122681,0.0055801,1.6983044,0.4057123,1.292592,1.0,7.0,7.0,1.0,21.533184000018082,130,130.0,1.0,,,
73,40078.0,40107.0,568.5772705,568.5970459,568.5800171,0.0027466,0.0170288,0.0114001,3.2297978,0.8904479,2.33935,1.0,7.0,7.0,1.0,28.476575999939087,132,132.0,1.0,,,
74,40212.0,40242.0,568.6685791,568.6896973,568.6712646,0.0026855,0.0184326,0.0191916,4.080565,1.0690329,3.0115321,1.0,7.0,7.0,1.0,30.410208000066632,133,133.0,1.0,,,
75,40877.0,40912.0,569.1276245,569.1521606,569.1358032,0.0081787,0.0163574,0.0242717,7.4210606,1.5616287,5.8594317,1.0,7.0,7.0,1.0,35.33198399996763,134,134.0,1.0,,,
76,42001.0,42023.0,569.9096069,569.9252319,569.9130249,0.003418,0.012207,0.0049275,1.5087293,0.0509245,1.4578049,1.0,7.0,7.0,1.0,22.5,136,136.0,1.0,,,
77,43359.0,43433.0,570.8475342,570.8986206,570.8495483,0.0020142,0.0490723,0.0367275,23.9918289,2.0825868,21.9092426,1.0,7.0,7.0,2.0,73.56441599988102,144,144.0,1.0,,,
78,43941.0,43973.0,571.2507324,571.272522,571.2548218,0.0040894,0.0177002,0.005777,2.930618,0.2573033,2.6733148,1.0,7.0,7.0,1.0,31.37702400004855,145,145.0,1.0,,,
79,44014.0,44040.0,571.3011475,571.3188477,571.3031616,0.0020142,0.015686,0.0173611,4.0253439,0.5577266,3.4676173,1.0,7.0,7.0,1.0,25.488288000051398,146,146.0,1.0,,,
80,44592.0,44614.0,571.7009888,571.7159424,571.7070923,0.0061035,0.0088501,0.0143828,2.2811062,1.051047,1.2300593,1.0,7.0,7.0,1.0,21.533184000018082,147,147.0,1.0,,,
81,44766.0,44820.0,571.8201904,571.8583374,571.8242798,0.0040894,0.0340576,0.0371022,19.5421982,5.4889436,14.0532532,1.0,7.0,7.0,3.0,54.9316799999724,148,148.0,1.0,,,
82,45436.0,45461.0,572.2806396,572.2983398,572.2854004,0.0047607,0.0129395,0.0035512,1.4442548,0.4410374,1.0032173,1.0,7.0,7.0,1.0,25.488288000051398,150,150.0,1.0,,,
83,46373.0,46394.0,572.9351807,572.9501343,572.9371948,0.0020142,0.0129395,0.008709,2.0564003,0.2147,1.8417003,1.0,7.0,7.0,1.0,21.533183999854373,152,152.0,1.0,,,
84,46401.0,46421.0,572.9549561,572.9699097,572.9569702,0.0020142,0.0129395,0.0274465,5.1972065,1.6329881,3.5642183,1.0,7.0,7.0,1.0,21.533184000018082,153,153.0,1.0,,,
85,48493.0,48514.0,574.3982544,574.4125366,574.401001,0.0027466,0.0115356,0.0089695,2.169497,0.7582018,1.4112953,1.0,7.0,7.0,1.0,20.566367999872455,157,157.0,1.0,,,
86,48904.0,48960.0,574.6809082,574.7197266,574.6870728,0.0061646,0.0326538,0.0152052,10.2716475,1.477384,8.7942638,1.0,7.0,7.0,2.0,55.89849599995432,158,158.0,1.0,,,
87,50224.0,50281.0,575.5949707,575.6345215,575.6004639,0.0054932,0.0340576,0.0351823,12.3201132,3.5758889,8.7442245,1.0,7.0,7.0,2.0,56.95315200004188,161,161.0,1.0,,,
88,50400.0,50423.0,575.7155762,575.7318726,575.7189331,0.0033569,0.0129395,0.0052481,2.301357,0.8009013,1.5004556,1.0,7.0,7.0,1.0,23.466815999981918,162,162.0,1.0,,,
89,51700.0,51740.0,576.6119385,576.6398315,576.6139526,0.0020142,0.0258789,0.0063632,4.4729691,0.3673037,4.1056652,1.0,7.0,7.0,2.0,40.16592000009041,167,167.0,1.0,,,
90,53287.0,53319.0,577.7003784,577.7228394,577.703064,0.0026855,0.0197754,0.019294,5.4502907,0.9360357,4.5142546,1.0,7.0,7.0,1.0,32.34384000003047,170,170.0,1.0,,,
91,53333.0,53383.0,577.7323608,577.7670898,577.7357788,0.003418,0.031311,0.0205338,10.7333422,1.3212008,9.4121408,1.0,7.0,7.0,2.0,50.00975999995717,171,171.0,1.0,,,
92,55033.0,55058.0,578.923645,578.9414062,578.9257202,0.0020752,0.015686,0.0106719,4.4220514,0.2982277,4.1238236,1.0,7.0,7.0,2.0,25.576127999993332,177,177.0,1.0,,,
93,55102.0,55129.0,578.9713745,578.9904175,578.9740601,0.0026855,0.0163574,0.0130235,2.8287122,0.372935,2.4557772,1.0,7.0,7.0,1.0,27.421920000015234,178,178.0,1.0,,,
94,55211.0,55237.0,579.046936,579.0653687,579.050354,0.003418,0.0150146,0.0143216,5.6327028,1.7787091,3.8539939,1.0,7.0,7.0,1.0,26.543088000089483,179,179.0,1.0,,,
95,55304.0,55325.0,579.1116333,579.1266479,579.1143799,0.0027466,0.0122681,0.0048591,1.9482816,0.3135906,1.634691,1.0,7.0,7.0,1.0,21.621023999960016,180,180.0,1.0,,,
96,56047.0,56070.0,579.6224976,579.6401978,579.6245728,0.0020752,0.015625,0.0207686,5.3871603,1.1764915,4.2106686,1.0,7.0,7.0,1.0,25.488288000051398,181,181.0,1.0,,,
97,58345.0,58368.0,581.2020264,581.2177124,581.2047729,0.0027466,0.0129395,0.0101735,2.7252586,0.5330991,2.1921597,1.0,7.0,7.0,2.0,22.587839999941934,185,185.0,1.0,,,
98,58941.0,58963.0,581.6202393,581.6352539,581.6216431,0.0014038,0.0136108,0.0077448,2.3630095,0.2087909,2.1542184,1.0,7.0,7.0,1.0,21.621023999960016,186,186.0,1.0,,,
99,58975.0,59002.0,581.6434326,581.6618042,581.647522,0.0040894,0.0142822,0.0079789,2.8098068,0.7800349,2.029772,1.0,7.0,7.0,1.0,26.455104000033316,187,187.0,1.0,,,
100,59867.0,59900.0,582.2578125,582.2809448,582.2611694,0.0033569,0.0197754,0.0187685,7.4898167,1.1385455,6.3512712,1.0,7.0,7.0,2.0,33.31051200006186,188,188.0,1.0,,,
101,60487.0,60520.0,582.6903076,582.7134399,582.6923218,0.0020142,0.0211182,0.0139704,5.2405896,0.2434248,4.9971647,1.0,7.0,7.0,2.0,33.31051200006186,189,189.0,1.0,,,
102,61886.0,61946.0,583.6534424,583.6942749,583.6582031,0.0047607,0.0360718,0.0214104,20.1274948,2.7001963,17.4272976,1.0,7.0,7.0,2.0,58.79879999994955,191,191.0,1.0,,,
103,62191.0,62237.0,583.861145,583.8925171,583.8686523,0.0075073,0.0238647,0.0149845,5.2135859,0.6330045,4.5805812,1.0,7.0,7.0,2.0,45.1758239999981,192,192.0,1.0,,,
104,63469.0,63491.0,584.7425537,584.7575073,584.7445679,0.0020142,0.0129395,0.0129158,2.8059433,0.2961304,2.5098128,1.0,7.0,7.0,1.0,21.533184000018082,193,193.0,1.0,,,
105,65888.0,65934.0,586.4024658,586.4344482,586.4065552,0.0040894,0.0278931,0.0457945,14.680747,1.1201712,13.5605755,1.0,7.0,7.0,2.0,46.05465600008756,196,196.0,1.0,,,
106,66007.0,66036.0,586.4841919,586.5046387,586.4876099,0.003418,0.0170288,0.0159995,4.9359865,1.1482954,3.7876911,1.0,7.0,7.0,1.0,29.443391999921005,197,197.0,1.0,,,
107,66900.0,66921.0,587.1026611,587.1176147,587.1067505,0.0040894,0.0108643,0.0057116,1.4628907,0.582499,0.8803917,1.0,7.0,7.0,1.0,21.533184000018082,199,199.0,1.0,,,
108,66982.0,67011.0,587.1598511,587.1809692,587.1619263,0.0020752,0.019043,0.0149698,3.9790967,0.8842304,3.0948663,1.0,7.0,7.0,1.0,30.410064000116108,201,201.0,1.0,,,
109,67653.0,67678.0,587.6359863,587.6530151,587.6400757,0.0040894,0.0129395,0.0110949,2.2718492,0.2883185,1.9835308,1.0,7.0,7.0,1.0,24.52147199990577,203,203.0,1.0,,,
110,68095.0,68139.0,587.9404297,587.9710693,587.9424438,0.0020142,0.0286255,0.0184051,11.8902874,1.1293238,10.7609634,1.0,7.0,7.0,2.0,44.121023999960016,204,204.0,1.0,,,
111,69062.0,69083.0,588.6052246,588.6201782,588.6065674,0.0013428,0.0136108,0.0057786,2.1761518,0.3391915,1.8369601,1.0,6.0,7.0,1.0,21.533184000018082,205,205.0,1.0,,,
112,69190.0,69212.0,588.6951294,588.710083,588.6971436,0.0020142,0.0129395,0.0055788,2.5060618,0.3875029,2.1185589,1.0,7.0,7.0,1.0,21.533184000018082,206,206.0,1.0,,,
113,70381.0,70405.0,589.5192871,589.5356445,589.5240479,0.0047607,0.0115967,0.0062206,2.4358435,0.6004089,1.8354347,1.0,7.0,7.0,1.0,23.554655999923853,207,207.0,1.0,,,
114,72510.0,72533.0,590.9966431,591.0122681,590.9993286,0.0026855,0.0129395,0.0171413,2.9602914,0.4423423,2.5179489,1.0,7.0,7.0,1.0,22.5,210,210.0,1.0,,,
115,72541.0,72567.0,591.0177612,591.0354614,591.0204468,0.0026855,0.0150146,0.0203778,4.3538008,1.5256748,2.8281257,1.0,7.0,7.0,1.0,25.488288000051398,211,211.0,1.0,,,
116,76061.0,76095.0,593.4452515,593.4691162,593.447998,0.0027466,0.0211182,0.01504,5.6957259,1.4978824,4.1978436,1.0,7.0,7.0,1.0,34.365167999985715,220,220.0,1.0,,,
117,76281.0,76304.0,593.5964966,593.612793,593.5985107,0.0020142,0.0142822,0.0164364,4.501987,0.5238488,3.9781384,1.0,7.0,7.0,1.0,23.466815999981918,221,221.0,1.0,,,
118,76476.0,76497.0,593.7319946,593.7470093,593.7340698,0.0020752,0.0129395,0.0042421,1.8227922,0.3824506,1.4403415,1.0,7.0,7.0,1.0,21.62116799991054,222,222.0,1.0,,,
119,76917.0,76956.0,594.0357666,594.0623779,594.0391846,0.003418,0.0231934,0.0748394,12.4212971,2.2772846,10.1440125,1.0,7.0,7.0,3.0,38.32027200001903,224,224.0,1.0,,,
120,77106.0,77158.0,594.1672363,594.2040405,594.1693115,0.0020752,0.034729,0.0140093,10.8701086,0.9718627,9.8982458,1.0,7.0,7.0,2.0,52.998048000008566,225,225.0,1.0,,,
121,77491.0,77543.0,594.4308472,594.4669189,594.4356079,0.0047607,0.031311,0.0606749,18.0272083,1.8324846,16.194725,1.0,7.0,7.0,2.0,51.94324799997048,226,226.0,1.0,,,
122,77753.0,77779.0,594.6119995,594.6297607,594.6147461,0.0027466,0.0150146,0.0176902,2.6230299,0.4703243,2.1527057,1.0,7.0,7.0,1.0,25.576127999993332,227,227.0,1.0,,,
123,78784.0,78811.0,595.3217773,595.3401489,595.3244629,0.0026855,0.015686,0.011473,3.6790416,0.9440866,2.7349551,1.0,7.0,7.0,2.0,26.455104000033316,230,230.0,1.0,,,
124,78948.0,78982.0,595.4348145,595.4593506,595.4389038,0.0040894,0.0204468,0.0099555,5.3021255,1.1999328,4.1021929,1.0,7.0,7.0,2.0,35.33198399996763,231,231.0,1.0,,,
125,79964.0,79984.0,596.1384277,596.15271,596.1404419,0.0020142,0.0122681,0.013276,2.1094923,0.3340036,1.7754889,1.0,7.0,7.0,1.0,20.566511999986687,233,233.0,1.0,,,
126,82133.0,82161.0,597.645752,597.6647949,597.6470947,0.0013428,0.0177002,0.0079702,3.1472075,0.3303367,2.8168707,1.0,7.0,7.0,1.0,27.421775999901,237,237.0,1.0,,,
127,82582.0,82603.0,597.9536133,597.9685669,597.9549561,0.0013428,0.0136108,0.0114475,3.6323981,0.6946512,2.937747,1.0,7.0,7.0,1.0,21.533184000018082,239,239.0,1.0,,,
128,83993.0,84030.0,907.482605,907.5078125,907.4840088,0.0014038,0.0238037,0.0096406,3.9550068,0.3168659,3.6381412,1.0,6.0,6.0,2.0,36.29879999994955,242,242.0,1.0,,,
129,86910.0,86946.0,909.5198975,909.5444336,909.522644,0.0027466,0.0217896,0.0082634,3.5168931,0.3966694,3.1202238,1.0,6.0,6.0,1.0,35.33198400013134,252,252.0,1.0,,,
130,88528.0,88553.0,910.6356201,910.6526489,910.6376953,0.0020752,0.0149536,0.0163106,5.3705025,0.7118687,4.6586337,1.0,6.0,6.0,1.0,24.52147200006948,256,256.0,1.0,,,
131,89830.0,89870.0,911.5340576,911.5612793,911.5374756,0.003418,0.0238037,0.0204698,8.2777891,0.3500987,7.927691,1.0,6.0,6.0,2.0,39.199248000059015,260,260.0,1.0,,,
132,90288.0,90337.0,911.8500977,911.8841553,911.8630371,0.0129395,0.0211182,0.0206984,6.2018347,0.6642397,5.5375948,1.0,6.0,6.0,2.0,49.04294399997525,263,263.0,1.0,,,
133,90370.0,90401.0,911.9073486,911.9284668,911.9147949,0.0074463,0.0136719,0.0110934,2.846848,0.2675644,2.5792835,1.0,6.0,6.0,1.0,30.410208000066632,264,264.0,1.0,,,
134,91673.0,91707.0,912.8098145,912.8330078,912.812561,0.0027466,0.0204468,0.0246878,5.8617067,0.8320749,5.0296316,1.0,6.0,6.0,2.0,33.3983520000038,267,267.0,1.0,,,
135,91921.0,91947.0,912.980835,912.9985352,912.9828491,0.0020142,0.015686,0.015153,4.9891129,1.2074342,3.7816787,1.0,6.0,6.0,1.0,25.488288000051398,268,268.0,1.0,,,
136,92941.0,92981.0,915.0862427,915.1134644,915.0889282,0.0026855,0.0245361,0.0355443,13.0550137,1.720997,11.3340168,1.0,6.0,6.0,2.0,39.199248000059015,271,271.0,1.0,,,
137,94243.0,94263.0,915.9887085,916.0037231,915.9921265,0.003418,0.0115967,0.0052151,1.8578572,0.5404146,1.3174427,1.0,6.0,6.0,1.0,21.621023999960016,273,273.0,1.0,,,
138,95446.0,95498.0,916.8163452,916.8517456,916.8244629,0.0081177,0.0272827,0.0127548,13.2280798,3.1600342,10.0680456,1.0,6.0,6.0,2.0,50.97657599993909,275,275.0,1.0,,,
139,96774.0,96804.0,917.7331543,917.7542725,917.7344971,0.0013428,0.0197754,0.0189812,5.5121775,0.4818704,5.0303073,1.0,6.0,6.0,1.0,30.410207999902923,278,278.0,1.0,,,
140,97625.0,97651.0,918.4088135,918.4265137,918.4115601,0.0027466,0.0149536,0.0116079,2.5897493,0.6456104,1.9441389,1.0,6.0,6.0,1.0,25.488288000051398,280,280.0,1.0,,,
141,99869.0,99912.0,919.9515991,919.9815674,919.961853,0.0102539,0.0197144,0.0184398,4.4044194,0.6632493,3.7411699,1.0,6.0,6.0,1.0,43.15435200009233,283,283.0,1.0,,,
142,101332.0,101353.0,920.9719238,920.9862671,920.9746704,0.0027466,0.0115967,0.0166509,3.9662359,1.3274822,2.6387537,1.0,6.0,6.0,1.0,20.654351999928622,289,289.0,1.0,,,
143,101608.0,101680.0,921.1619873,921.211731,921.1776733,0.015686,0.0340576,0.0566688,34.1181641,6.6896963,27.4284668,1.0,6.0,6.0,2.0,71.63092800003142,291,291.0,1.0,,,
144,101917.0,101954.0,921.3758545,921.401062,921.3826904,0.0068359,0.0183716,0.017928,5.5501776,0.9550056,4.5951719,1.0,6.0,6.0,3.0,36.29880000011326,293,293.0,1.0,,,
145,102466.0,102497.0,921.7525635,921.774353,921.7559204,0.0033569,0.0184326,0.0045627,1.6267793,0.2420553,1.3847241,1.0,6.0,6.0,1.0,31.376880000098026,295,295.0,2.0,adjust start_stop times,,
146,102588.0,102615.0,921.8363037,921.8547363,921.8383789,0.0020752,0.0163574,0.0038686,2.2581968,0.3617805,1.8964162,1.0,6.0,6.0,1.0,26.54294399997525,296,296.0,1.0,,,
147,103297.0,103336.0,922.3233032,922.3499146,922.3260498,0.0027466,0.0238647,0.0562494,20.3827305,4.8836908,15.4990396,1.0,6.0,6.0,1.0,38.320415999969555,298,298.0,1.0,,,
148,103614.0,103637.0,922.5405884,922.5562744,922.5419922,0.0014038,0.0142822,0.0039387,0.8729607,0.1757752,0.6971854,1.0,6.0,6.0,1.0,22.587839999941934,299,299.0,2.0,adjust start_stop times,,
149,104443.0,104470.0,923.1087036,923.128418,923.1113892,0.0026855,0.0170288,0.0261538,5.3609343,1.3717859,3.9891486,1.0,6.0,6.0,3.0,28.388735999997152,301,301.0,1.0,,,
150,104600.0,104639.0,923.2190552,923.2456055,923.2279053,0.0088501,0.0177002,0.0249293,6.8817406,1.5552294,5.3265114,1.0,6.0,6.0,1.0,38.2324320000771,303,303.0,1.0,,,
151,104821.0,104853.0,923.371582,923.394104,923.3736572,0.0020752,0.0204468,0.0352319,9.8557901,0.8659568,8.9898338,1.0,6.0,6.0,2.0,32.4316799999724,305,305.0,1.0,,,
152,105958.0,106000.0,924.2706909,924.2993164,924.2727661,0.0020752,0.0265503,0.0251029,12.6025829,0.5830751,12.0195084,1.0,6.0,6.0,2.0,41.220719999964786,309,309.0,1.0,,,
153,106111.0,106141.0,924.3756104,924.3967285,924.3783569,0.0027466,0.0183716,0.0055404,3.4717679,0.5049927,2.9667752,1.0,6.0,6.0,1.0,30.4100639999524,310,310.0,1.0,,,
154,106655.0,106706.0,924.7509155,924.7863159,924.7543335,0.003418,0.0319824,0.0122481,7.6426926,1.7710388,5.8716536,1.0,6.0,6.0,1.0,50.97657599993909,313,313.0,1.0,,,
155,107433.0,107476.0,925.2876587,925.3169556,925.2903442,0.0026855,0.0266113,0.0256155,9.9764404,0.8646722,9.1117678,1.0,6.0,6.0,2.0,42.18753600011041,314,314.0,1.0,,,
156,108887.0,108920.0,926.291626,926.3148193,926.2937012,0.0020752,0.0211182,0.0201653,3.8427005,1.1101227,2.7325778,1.0,6.0,6.0,1.0,33.3983520000038,317,317.0,1.0,,,
157,112080.0,112104.0,928.8786011,928.8956299,928.8799438,0.0013428,0.015686,0.016899,5.6747918,0.9549958,4.7197962,1.0,6.0,6.0,1.0,24.52147200006948,325,325.0,1.0,,,
158,113528.0,113584.0,930.0249634,930.0644531,930.0269775,0.0020142,0.0374756,0.0187431,15.6908665,1.0469443,14.6439219,1.0,6.0,6.0,2.0,56.865167999985715,331,331.0,1.0,,,
159,113631.0,113668.0,930.097168,930.1230469,930.0999146,0.0027466,0.0231323,0.0349788,12.331069,2.0038331,10.3272362,1.0,6.0,6.0,2.0,37.26561599993147,332,332.0,1.0,,,
160,114818.0,114850.0,930.9329224,930.9547119,930.9370117,0.0040894,0.0177002,0.0114407,4.0668449,0.5489609,3.5178838,1.0,6.0,6.0,1.0,31.376879999934317,334,334.0,1.0,,,
161,115020.0,115043.0,931.071167,931.086853,931.0807495,0.0095825,0.0061035,0.019641,2.3613825,0.6070329,1.7543495,1.0,6.0,6.0,1.0,22.587840000105643,335,335.0,2.0,,,
162,116332.0,116365.0,931.9723511,931.994812,931.9736938,0.0013428,0.0211182,0.0281561,7.9019938,0.7961931,7.1058006,1.0,6.0,6.0,1.0,32.343696000079944,336,336.0,1.0,,,
163,116522.0,116559.0,932.1030884,932.1282959,932.1051636,0.0020752,0.0231323,0.0185734,7.6854873,0.4366943,7.2487926,1.0,6.0,6.0,2.0,36.29879999994955,337,337.0,1.0,,,
164,120702.0,120762.0,935.2485962,935.2901611,935.2513428,0.0027466,0.0388184,0.0261892,13.5769386,1.1759133,12.4010248,1.0,6.0,6.0,2.0,59.85345600003711,345,345.0,1.0,,,
165,122521.0,122547.0,936.6776123,936.6953125,936.6796265,0.0020142,0.015686,0.0198319,5.1800289,1.3732971,3.8067319,1.0,6.0,6.0,1.0,25.488288000051398,348,348.0,1.0,,,
166,123684.0,123704.0,938.3164062,938.3307495,938.3178101,0.0014038,0.0129395,0.0147548,3.3796682,0.8730816,2.5065868,1.0,7.0,7.0,1.0,20.65435200009233,349,349.0,1.0,,,
167,128855.0,128883.0,941.9359741,941.9556885,941.9386597,0.0026855,0.0170288,0.0182962,4.344027,1.0363668,3.3076603,1.0,7.0,7.0,1.0,28.388735999997152,353,353.0,1.0,,,
168,129319.0,129385.0,942.2758179,942.3221436,942.2792358,0.003418,0.0429077,0.0474986,26.6294785,4.853518,21.7759609,1.0,7.0,7.0,1.0,66.70900800001618,354,354.0,1.0,,,
169,131941.0,131993.0,944.1312256,944.1673584,944.1333008,0.0020752,0.0340576,0.0211574,16.2142067,1.2840059,14.9302015,1.0,7.0,7.0,2.0,52.03123200002665,357,357.0,1.0,,,
170,134655.0,134682.0,946.1494141,946.1685181,946.1508179,0.0014038,0.0177002,0.0182548,4.4642167,1.0569683,3.4072483,1.0,7.0,7.0,1.0,27.509760000120878,361,361.0,1.0,,,
171,135855.0,135890.0,946.9769897,947.0015259,946.9804077,0.003418,0.0211182,0.015869,7.1434469,1.5289553,5.6144919,1.0,7.0,7.0,1.0,35.332128000081866,362,362.0,1.0,,,
172,138671.0,138695.0,948.9556885,948.9727173,948.9584351,0.0027466,0.0142822,0.0077808,3.1256037,0.5086868,2.6169169,1.0,7.0,7.0,1.0,24.52147200006948,364,364.0,1.0,,,
173,138868.0,138927.0,949.0919189,949.1334839,949.0994263,0.0075073,0.0340576,0.0119121,10.1289015,1.4570572,8.6718445,1.0,7.0,7.0,1.0,59.85359999998764,365,365.0,1.0,,,
174,140189.0,140211.0,950.0421143,950.0577393,950.043457,0.0013428,0.0142822,0.0124634,2.9508142,0.751164,2.1996503,1.0,7.0,7.0,1.0,22.5,367,367.0,1.0,,,
175,143998.0,144042.0,952.6958008,952.7264404,952.6978149,0.0020142,0.0286255,0.0270262,15.3433123,0.8160561,14.527256,1.0,7.0,7.0,2.0,44.121023999960016,371,371.0,1.0,,,
176,145329.0,145355.0,953.6500244,953.6677246,953.6520996,0.0020752,0.015625,0.0099886,3.3878703,0.3844721,3.0033982,1.0,7.0,7.0,1.0,25.488288000051398,375,375.0,1.0,,,
177,145450.0,145483.0,953.7324219,953.7556152,953.7344971,0.0020752,0.0211182,0.0063965,2.5235457,0.4661771,2.0573685,1.0,7.0,7.0,1.0,33.3983520000038,376,376.0,1.0,,,
178,145800.0,145835.0,953.9973755,954.022583,953.9994507,0.0020752,0.0231323,0.0368286,9.8064795,2.1201744,7.6863055,1.0,7.0,7.0,1.0,36.29880000011326,378,378.0,1.0,,,
179,146280.0,146303.0,954.348877,954.364563,954.3556519,0.0067749,0.0089111,0.0150074,2.7678494,0.9582345,1.809615,1.0,7.0,7.0,2.0,22.587839999941934,380,380.0,2.0,,,
180,147971.0,147995.0,955.5421753,955.5592041,955.5435791,0.0014038,0.015625,0.0233062,8.3305655,1.470459,6.8601069,1.0,7.0,7.0,2.0,24.52147199990577,382,382.0,1.0,,,
181,148258.0,148283.0,955.7397461,955.7567749,955.7417603,0.0020142,0.0150146,0.0140539,3.8502555,0.7036274,3.1466281,1.0,7.0,7.0,2.0,24.52147199990577,384,384.0,1.0,,,
182,154988.0,155045.0,960.4796753,960.519165,960.4851074,0.0054321,0.0340576,0.0492829,14.7085457,3.8276634,10.8808823,1.0,7.0,7.0,2.0,56.865167999985715,392,392.0,1.0,,,
183,156038.0,156090.0,961.230957,961.2670288,961.2370605,0.0061035,0.0299683,0.0155601,10.6189528,1.302725,9.316227,1.0,7.0,7.0,3.0,51.943392000084714,393,393.0,1.0,,,
184,157225.0,157245.0,962.0708008,962.0857544,962.0809937,0.0101929,0.0047607,0.0053043,1.5431285,0.7783513,0.7647772,1.0,7.0,7.0,1.0,21.533184000018082,395,395.0,2.0,,,
185,159572.0,159597.0,963.7327271,963.7497559,963.7354736,0.0027466,0.0142822,0.0220411,4.7462201,1.5564848,3.1897354,1.0,7.0,7.0,1.0,24.52147199990577,400,400.0,1.0,,,
186,161483.0,161537.0,965.0942993,965.1324463,965.0963135,0.0020142,0.0361328,0.0649085,26.5337963,3.8324361,22.7013607,1.0,7.0,7.0,2.0,54.9316799999724,403,403.0,1.0,,,
187,161606.0,161637.0,965.1807861,965.2032471,965.1828613,0.0020752,0.0203857,0.0355203,8.7600784,2.0771773,6.6829009,1.0,7.0,7.0,2.0,32.34384000003047,404,404.0,1.0,,,
188,162090.0,162143.0,965.5151978,965.5526733,965.5233765,0.0081787,0.0292969,0.0177096,7.5372581,0.6208727,6.9163857,1.0,7.0,7.0,2.0,53.96472000003996,405,405.0,1.0,,,
189,162305.0,162339.0,965.6657715,965.6889038,965.6739502,0.0081787,0.0149536,0.0124693,5.4729862,1.6622858,3.8107004,1.0,7.0,7.0,2.0,33.31051200006186,406,406.0,1.0,,,
190,162438.0,162470.0,965.7563477,965.7788086,965.7583618,0.0020142,0.0204468,0.0164879,5.1729097,0.4377338,4.7351761,1.0,7.0,7.0,1.0,32.343696000079944,407,407.0,1.0,,,
191,170163.0,170194.0,972.1384277,972.1595459,972.1405029,0.0020752,0.019043,0.0230818,9.4293098,1.7839463,7.6453633,1.0,7.0,7.0,1.0,30.410208000066632,415,415.0,1.0,,,
192,171754.0,171799.0,973.2363892,973.2670288,973.2398071,0.003418,0.0272217,0.0119178,7.2406855,1.2546964,5.9859891,1.0,7.0,7.0,1.0,44.121024000123725,417,417.0,1.0,,,
193,173045.0,173066.0,974.1266479,974.1409302,974.1286621,0.0020142,0.0122681,0.0196941,5.5678267,1.2281717,4.3396549,1.0,7.0,7.0,3.0,20.566511999986687,419,419.0,1.0,,,
194,173882.0,173941.0,974.7035522,974.7437134,974.7164917,0.0129395,0.0272217,0.0205292,12.812789,2.4465246,10.3662643,1.0,7.0,7.0,3.0,57.832128000081866,422,422.0,2.0,,,
195,174316.0,174343.0,975.008667,975.0284424,975.0140991,0.0054321,0.0143433,0.0060538,3.3930659,1.1575509,2.2355149,1.0,7.0,7.0,1.0,28.476576000102796,423,423.0,1.0,,,
196,175945.0,175965.0,976.1352539,976.1495361,976.1372681,0.0020142,0.0122681,0.0052416,2.0103199,0.1449969,1.8653229,1.0,7.0,7.0,1.0,20.566368000036164,426,426.0,1.0,,,
197,178020.0,178055.0,977.5744629,977.598938,977.5785522,0.0040894,0.0203857,0.0175498,7.7465301,0.9165475,6.8299823,1.0,7.0,7.0,2.0,35.2441440000257,429,429.0,1.0,,,
198,178593.0,178614.0,977.9776611,977.9919434,977.9830933,0.0054321,0.0088501,0.0125523,2.2385488,0.4068124,1.8317364,1.0,7.0,7.0,1.0,20.566511999986687,430,430.0,1.0,,,
199,178730.0,178765.0,978.0716553,978.0968628,978.0757446,0.0040894,0.0211182,0.0164057,7.8544264,1.2508172,6.6036091,1.0,7.0,7.0,3.0,36.29880000011326,432,432.0,1.0,,,
200,184793.0,184815.0,982.2659912,982.2816162,982.2720947,0.0061035,0.0095215,0.0290026,3.7895057,0.5752108,3.2142949,1.0,7.0,7.0,1.0,22.5,438,438.0,1.0,,,
201,185095.0,185118.0,982.4743652,982.4900513,982.4764404,0.0020752,0.0136108,0.020477,3.7572837,1.6277399,2.1295435,1.0,7.0,7.0,1.0,22.587984000056167,439,439.0,1.0,,,
202,186748.0,186795.0,983.6098022,983.6431885,983.614563,0.0047607,0.0286255,0.0231347,9.1311369,1.5601453,7.570992,1.0,7.0,7.0,2.0,48.076271999943856,443,443.0,1.0,,,
203,186819.0,186850.0,983.6595459,983.6820068,983.6643066,0.0047607,0.0177002,0.03305,7.0454955,2.2709091,4.7745867,1.0,7.0,7.0,2.0,32.343695999916235,444,444.0,1.0,,,
204,187237.0,187274.0,983.9551392,983.9816895,983.9598999,0.0047607,0.0217896,0.0122988,7.6574106,0.7511008,6.9063096,1.0,7.0,7.0,2.0,38.2324320000771,446,446.0,1.0,,,
205,188468.0,188501.0,984.8024292,984.8248901,984.8051758,0.0027466,0.0197144,0.0153738,3.1814098,0.5599477,2.6214621,1.0,7.0,7.0,1.0,32.343695999916235,448,448.0,1.0,,,
206,189314.0,189365.0,985.3800049,985.4147339,985.3868408,0.0068359,0.0278931,0.0308411,20.2334843,3.1775625,17.0559216,1.0,7.0,7.0,1.0,50.00975999995717,450,450.0,1.0,,,
207,189590.0,189610.0,985.5707397,985.585022,985.5720825,0.0013428,0.0129395,0.0193561,4.9388609,1.0335985,3.9052625,1.0,7.0,7.0,2.0,20.566511999986687,451,451.0,1.0,,,
208,191001.0,191041.0,986.5494995,986.5773926,986.5508423,0.0013428,0.0265503,0.0262619,7.4620528,1.4020089,6.0600438,1.0,7.0,7.0,1.0,40.16606400004093,454,454.0,1.0,,,
209,191892.0,191932.0,987.1693115,987.1972046,987.1747437,0.0054321,0.0224609,0.0112224,6.7340302,0.8073564,5.9266739,1.0,7.0,7.0,1.0,40.166063999877224,455,455.0,1.0,,,
210,192915.0,192952.0,987.8721924,987.8987427,987.8742676,0.0020752,0.0244751,0.0340469,10.0484114,1.983333,8.0650787,1.0,7.0,7.0,1.0,38.23243199991339,457,457.0,1.0,,,
211,193355.0,193388.0,988.1759644,988.1991577,988.1793823,0.003418,0.0197754,0.0365177,13.9420824,3.355552,10.5865297,1.0,7.0,7.0,2.0,33.3983520000038,458,458.0,1.0,,,
212,195100.0,195120.0,989.380188,989.3944702,989.383606,0.003418,0.0108643,0.0151819,3.1748943,0.4967699,2.6781244,1.0,7.0,7.0,2.0,20.566368000036164,461,461.0,1.0,,,
213,195364.0,195393.0,989.5627441,989.5824585,989.5654297,0.0026855,0.0170288,0.0110466,2.5772288,1.0496826,1.527546,1.0,7.0,7.0,1.0,28.388735999997152,462,462.0,2.0,,,
214,196316.0,196373.0,990.2233887,990.2636108,990.2417603,0.0183716,0.0218506,0.0225223,10.3555231,3.8411996,6.5143237,1.0,7.0,7.0,2.0,57.91982400007328,465,465.0,2.0,,,
215,196606.0,196632.0,990.4243164,990.442688,990.4256592,0.0013428,0.0170288,0.023395,8.5111313,1.4633461,7.0477848,1.0,7.0,7.0,1.0,26.455104000033316,466,466.0,1.0,,,
216,197383.0,197404.0,990.9589844,990.973999,990.9603882,0.0014038,0.0136108,0.0153828,4.2299776,0.9093542,3.3206234,1.0,7.0,7.0,2.0,21.621024000123725,467,467.0,1.0,,,
217,197524.0,197558.0,991.0563965,991.0795288,991.0611572,0.0047607,0.0183716,0.0409872,12.0310688,4.6731014,7.3579674,1.0,7.0,7.0,2.0,33.31051200006186,468,468.0,1.0,,,
218,201246.0,201284.0,993.675293,993.7018433,993.6786499,0.0033569,0.0231934,0.017838,6.3398738,0.8590155,5.4808583,1.0,7.0,7.0,1.0,38.23243199991339,474,474.0,1.0,,,
219,201479.0,201500.0,993.8346558,993.8496094,993.8387451,0.0040894,0.0108643,0.0082178,2.4591775,0.3535712,2.1056063,1.0,7.0,7.0,1.0,21.533184000018082,475,475.0,1.0,,,
220,205228.0,205273.0,996.5332031,996.5651855,996.5372925,0.0040894,0.0278931,0.0430386,21.558567,3.2935317,18.2650337,1.0,7.0,7.0,2.0,46.05465599992385,482,482.0,1.0,,,
221,206390.0,206415.0,997.3287354,997.3457642,997.3334961,0.0047607,0.0122681,0.0131149,3.0236158,0.4753784,2.5482376,1.0,7.0,7.0,1.0,24.52147199990577,483,483.0,1.0,,,
222,207331.0,207360.0,997.9778442,997.9975586,997.9839478,0.0061035,0.0136108,0.0126288,3.8138559,0.575815,3.2380409,1.0,7.0,7.0,1.0,28.388735999997152,485,485.0,1.0,,,
223,208079.0,208134.0,998.4920654,998.529541,998.4954834,0.003418,0.0340576,0.014451,11.081461,0.9813424,10.1001186,1.0,7.0,7.0,1.0,53.964863999990484,486,486.0,1.0,,,
224,211385.0,211426.0,1099.8990479,1099.9276123,1099.901123,0.0020752,0.0264893,0.0439667,14.3567982,2.869374,11.4874239,1.0,6.0,6.0,2.0,41.13273600007233,493,493.0,1.0,,,
225,213874.0,213908.0,1101.6229248,1101.6474609,1101.6263428,0.003418,0.0211182,0.0103463,6.8914342,1.151288,5.7401462,1.0,6.0,6.0,2.0,35.33198399996763,497,497.0,1.0,,,
226,213928.0,213972.0,1101.6610107,1101.6923828,1101.6644287,0.003418,0.0279541,0.0259789,14.4312334,4.3461409,10.0850925,1.0,6.0,6.0,1.0,45.1758239999981,498,498.0,1.0,,,
227,214733.0,214755.0,1102.2154541,1102.2304688,1102.2181396,0.0026855,0.0123291,0.0058196,3.0412209,0.7262934,2.3149273,1.0,6.0,6.0,1.0,21.62116799991054,499,499.0,1.0,,,
228,215478.0,215499.0,1102.7290039,1102.7446289,1102.7330322,0.0040283,0.0115967,0.0053149,1.6817042,0.4555796,1.2261246,1.0,6.0,6.0,1.0,22.5,501,501.0,1.0,,,
229,216197.0,216237.0,1103.2227783,1103.25,1103.2254639,0.0026855,0.0245361,0.0663807,29.6269379,5.3361034,24.2908344,1.0,6.0,6.0,2.0,39.199247999895306,503,503.0,1.0,,,
230,218327.0,218391.0,1104.9541016,1104.9984131,1104.9561768,0.0020752,0.0422363,0.022551,15.7095242,1.3012207,14.4083033,1.0,6.0,6.0,2.0,63.80856000007043,507,507.0,1.0,,,
231,220677.0,220705.0,1106.5738525,1106.5935059,1106.5765381,0.0026855,0.0169678,0.0159501,6.5502348,2.108103,4.4421315,1.0,6.0,6.0,1.0,28.300896000218927,514,514.0,1.0,,,
232,220782.0,220803.0,1106.6459961,1106.6610107,1106.6480713,0.0020752,0.0129395,0.0083078,3.7103441,0.6667541,3.0435901,1.0,6.0,6.0,1.0,21.621023999796307,515,515.0,1.0,,,
233,220925.0,220948.0,1106.7460938,1106.7624512,1106.7495117,0.003418,0.0129395,0.0049023,1.8384001,0.3871806,1.4512196,1.0,6.0,6.0,1.0,23.55465600008756,516,516.0,1.0,,,
234,221791.0,221812.0,1107.4346924,1107.4489746,1107.4381104,0.003418,0.0108643,0.0180734,5.3436375,2.1343679,3.2092695,1.0,6.0,6.0,2.0,20.566368000036164,517,517.0,1.0,,,
235,222678.0,222720.0,1108.0443115,1108.072876,1108.0551758,0.0108643,0.0177002,0.0123388,7.2166371,1.8744998,5.3421373,1.0,6.0,6.0,2.0,41.13287999985914,518,518.0,1.0,,,
236,223700.0,223725.0,1108.74646,1108.7641602,1108.7492676,0.0028076,0.0148926,0.022295,6.5937219,2.6529458,3.9407763,1.0,6.0,6.0,2.0,25.488288000051398,521,521.0,1.0,,,
237,226420.0,226480.0,1110.84021,1110.8817139,1110.8436279,0.003418,0.0380859,0.0677502,24.8489838,4.9655108,19.8834724,1.0,6.0,6.0,3.0,59.76561599993147,530,530.0,1.0,,,
238,226593.0,226615.0,1110.9587402,1110.9743652,1110.960083,0.0013428,0.0142822,0.0258375,6.1257024,1.5732408,4.5524616,1.0,6.0,6.0,1.0,22.5,531,531.0,1.0,,,
239,227585.0,227618.0,1111.6397705,1111.6629639,1111.6445312,0.0047607,0.0184326,0.0418255,12.6781483,7.2063093,5.4718394,1.0,6.0,6.0,1.0,33.39849600011803,534,534.0,1.0,,,
240,227725.0,227757.0,1111.7365723,1111.7590332,1111.7399902,0.003418,0.019043,0.0633707,17.8410015,8.8304348,9.0105667,1.0,6.0,6.0,1.0,32.343695999916235,536,536.0,1.0,,,
241,228882.0,228910.0,1112.5368652,1112.5565186,1112.538208,0.0013428,0.0183105,0.0190055,4.4482288,0.5934837,3.8547451,1.0,6.0,6.0,2.0,28.30089599989151,538,538.0,2.0,,,
242,229098.0,229147.0,1112.6866455,1112.7207031,1112.6907959,0.0041504,0.0299072,0.0486735,31.5307236,8.0838375,23.4468861,1.0,6.0,6.0,2.0,49.04294400013896,539,539.0,1.0,,,
243,231024.0,231045.0,1114.1422119,1114.1578369,1114.1435547,0.0013428,0.0142822,0.0236002,4.0509901,1.4102564,2.640734,1.0,6.0,6.0,1.0,22.5,546,546.0,2.0,,,
244,231059.0,231086.0,1114.1673584,1114.1864014,1114.1687012,0.0013428,0.0177002,0.0455698,9.3366385,1.1800196,8.1566191,1.0,6.0,6.0,1.0,27.421920000015234,547,547.0,1.0,,,
245,232544.0,232586.0,1115.1986084,1115.2279053,1115.2012939,0.0026855,0.0266113,0.0978135,47.3791428,4.5572968,42.821846,1.0,6.0,6.0,2.0,42.187535999946704,548,548.0,1.0,,,
246,233014.0,233039.0,1115.5228271,1115.5405273,1115.5255127,0.0026855,0.0150146,0.0156062,4.3519483,0.8967822,3.4551659,1.0,6.0,6.0,1.0,25.48828799972398,550,550.0,1.0,,,
247,234145.0,234165.0,1116.4232178,1116.4375,1116.4245605,0.0013428,0.0129395,0.0173581,4.0250502,1.0198649,3.0051851,1.0,6.0,6.0,1.0,20.566368000036164,554,554.0,1.0,,,
248,235469.0,235512.0,1119.486084,1119.5167236,1119.489502,0.003418,0.0272217,0.1477042,38.0174408,9.2874784,28.7299614,1.0,6.0,6.0,2.0,44.121024000123725,556,556.0,1.0,,,
249,235919.0,235944.0,1119.7973633,1119.8150635,1119.8000488,0.0026855,0.0150146,0.0133771,4.4643412,1.3496307,3.1147106,1.0,6.0,6.0,1.0,25.488288000051398,557,557.0,1.0,,,
250,236697.0,236728.0,1120.3354492,1120.3579102,1120.3375244,0.0020752,0.0203857,0.0175978,7.4833565,1.0207773,6.4625793,1.0,6.0,6.0,1.0,32.34384000003047,558,558.0,1.0,,,
251,237053.0,237091.0,1120.5799561,1120.6065674,1120.5955811,0.015625,0.0109863,0.0149636,4.6252508,2.4969189,2.1283319,1.0,6.0,6.0,2.0,38.32027200001903,560,560.0,2.0,,,
252,237289.0,237320.0,1120.741333,1120.7631836,1120.7434082,0.0020752,0.0197754,0.0652718,17.2894344,5.3102212,11.9792128,1.0,6.0,6.0,2.0,31.464864000154193,561,561.0,1.0,,,
253,241246.0,241296.0,1124.4731445,1124.5085449,1124.4765625,0.003418,0.0319824,0.0395939,36.3850479,4.5477486,31.8372993,1.0,6.0,6.0,2.0,50.976576000102796,568,568.0,1.0,,,
254,248585.0,248610.0,1130.2884521,1130.3061523,1130.2911377,0.0026855,0.0150146,0.0113884,5.0343165,0.6669956,4.367321,1.0,7.0,7.0,1.0,25.48828799972398,576,576.0,1.0,,,
255,248955.0,248987.0,1130.5418701,1130.5643311,1130.5487061,0.0068359,0.015625,0.0135562,5.0176563,1.2763828,3.7412734,1.0,8.0,7.0,2.0,32.34383999970305,577,577.0,1.0,,,
256,250257.0,250320.0,1131.4334717,1131.4770508,1131.440918,0.0074463,0.0361328,0.1772353,113.9384613,23.8318939,90.1065674,1.0,7.0,7.0,3.0,62.75390399998287,578,578.0,1.0,,,
257,250407.0,250428.0,1131.5362549,1131.5505371,1131.5383301,0.0020752,0.012207,0.0182153,4.5798359,1.6413552,2.9384806,1.0,7.0,7.0,1.0,20.566368000036164,579,579.0,2.0,,,
258,250842.0,250888.0,1131.8353271,1131.8673096,1131.838623,0.0032959,0.0286865,0.024258,12.1750193,1.8263079,10.348712,1.0,7.0,7.0,2.0,46.054799999874376,580,580.0,2.0,,,
259,251298.0,251332.0,1132.1574707,1132.1820068,1132.161499,0.0040283,0.0205078,0.0121899,6.2900443,2.2859383,4.0041056,1.0,7.0,7.0,1.0,35.33198399996763,582,582.0,1.0,,,
260,251506.0,251534.0,1132.3024902,1132.3215332,1132.3045654,0.0020752,0.0169678,0.0157985,4.684689,1.3753937,3.3092952,1.0,7.0,7.0,1.0,27.421920000015234,583,583.0,1.0,,,
261,252570.0,252600.0,1133.0360107,1133.0571289,1133.0374756,0.0014648,0.0196533,0.0249736,11.3440428,1.6740346,9.6700077,1.0,7.0,7.0,2.0,30.410208000066632,586,586.0,1.0,,,
262,255758.0,255785.0,1135.2578125,1135.2769775,1135.2606201,0.0028076,0.0163574,0.0183449,9.1834698,1.679504,7.5039659,1.0,7.0,7.0,2.0,27.597599999899103,588,588.0,1.0,,,
263,257081.0,257132.0,1136.1650391,1136.2005615,1136.168457,0.003418,0.0321045,0.0414702,32.8084564,4.5002337,28.3082218,1.0,7.0,7.0,2.0,51.152255999986664,590,590.0,1.0,,,
264,258631.0,258666.0,1137.2290039,1137.25354,1137.2344971,0.0054932,0.019043,0.012529,7.8684525,2.1379642,5.7304883,1.0,7.0,7.0,2.0,35.33198399996763,596,596.0,1.0,,,
265,259866.0,259888.0,1138.0831299,1138.0987549,1138.0844727,0.0013428,0.0142822,0.025088,5.8136544,1.5037473,4.3099074,1.0,7.0,7.0,1.0,22.5,597,597.0,1.0,,,
266,260312.0,260347.0,1138.3909912,1138.4155273,1138.3936768,0.0026855,0.0218506,0.0223466,11.4183426,1.5841924,9.8341503,1.0,7.0,7.0,3.0,35.33198399996763,598,598.0,2.0,,,
267,263794.0,263814.0,1140.7789307,1140.7932129,1140.7817383,0.0028076,0.0114746,0.0104422,3.5500071,1.4201442,2.1298628,1.0,7.0,7.0,1.0,20.566368000036164,604,604.0,1.0,,,
268,263865.0,263885.0,1140.8280029,1140.8422852,1140.8300781,0.0020752,0.012207,0.0386955,11.0465755,1.3203725,9.7262039,1.0,7.0,7.0,2.0,20.566512000150396,605,605.0,1.0,,,
269,264107.0,264160.0,1141.0057373,1141.0432129,1141.0091553,0.003418,0.0340576,0.1267555,59.4910545,12.5597315,46.9313202,1.0,7.0,7.0,3.0,53.96486400015419,607,607.0,1.0,,,
270,264193.0,264215.0,1141.0656738,1141.0806885,1141.067749,0.0020752,0.0129395,0.0106178,2.6824863,0.7285019,1.9539843,1.0,7.0,7.0,1.0,21.62116799991054,608,608.0,1.0,,,
271,264634.0,264668.0,1141.3681641,1141.3925781,1141.3701172,0.0019531,0.0224609,0.0074591,4.8613,0.1777479,4.6835518,1.0,7.0,7.0,2.0,35.15615999996953,610,610.0,1.0,,,
272,267138.0,267175.0,1143.0844727,1143.1097412,1143.0872803,0.0028076,0.0224609,0.0363173,15.948698,1.7761847,14.172513,1.0,7.0,7.0,2.0,36.38663999972778,615,615.0,1.0,,,
273,268543.0,268565.0,1144.0592041,1144.0742188,1144.0605469,0.0013428,0.0136719,0.0146673,5.1575146,0.4764524,4.6810622,1.0,7.0,7.0,2.0,21.62116799991054,620,620.0,1.0,,,
274,270574.0,270609.0,1145.4487305,1145.4731445,1145.4506836,0.0019531,0.0224609,0.0257571,8.6615238,1.5868623,7.0746613,1.0,7.0,7.0,1.0,35.15615999996953,623,623.0,1.0,,,
275,273755.0,273785.0,1147.6418457,1147.6629639,1147.6431885,0.0013428,0.0197754,0.0487587,14.8728609,2.9023507,11.9705105,1.0,7.0,7.0,2.0,30.410208000066632,625,625.0,1.0,,,
276,275357.0,275390.0,1148.7438965,1148.7663574,1148.7459717,0.0020752,0.0203857,0.0213442,7.3203039,0.8196828,6.5006213,1.0,7.0,7.0,2.0,32.34369600024365,627,627.0,1.0,,,
277,276089.0,276117.0,1149.2445068,1149.2636719,1149.2459717,0.0014648,0.0177002,0.0123444,3.7313073,0.3902411,3.3410661,1.0,7.0,7.0,2.0,27.597744000013336,629,629.0,1.0,,,
278,277527.0,277575.0,1150.2355957,1150.2689209,1150.239624,0.0040283,0.0292969,0.0714509,27.7843094,4.8783736,22.9059372,1.0,7.0,7.0,2.0,47.9882880000514,631,631.0,1.0,,,
279,280462.0,280497.0,1152.255127,1152.2802734,1152.2585449,0.003418,0.0217285,0.0579532,21.4216957,4.9666424,16.4550533,1.0,7.0,7.0,2.0,36.21081600005709,636,636.0,1.0,,,
280,280546.0,280581.0,1152.3137207,1152.3381348,1152.3156738,0.0019531,0.0224609,0.0252746,12.6095629,1.4328632,11.1766996,1.0,7.0,7.0,2.0,35.156304000083765,637,637.0,1.0,,,
281,281224.0,281263.0,1152.7884521,1152.8156738,1152.7918701,0.003418,0.0238037,0.0515816,24.0427647,4.6101661,19.4326,1.0,7.0,7.0,2.0,39.199247999895306,639,639.0,1.0,,,
282,282322.0,282346.0,1153.5430908,1153.5601807,1153.5444336,0.0013428,0.0157471,0.0250873,6.0594211,1.3956836,4.6637373,1.0,7.0,7.0,1.0,24.609455999961938,642,642.0,1.0,,,
283,282759.0,282780.0,1153.8441162,1153.8591309,1153.8469238,0.0028076,0.012207,0.0124694,4.8988857,1.6850375,3.2138481,1.0,7.0,7.0,1.0,21.621168000237958,644,644.0,1.0,,,
284,285343.0,285367.0,1156.5413818,1156.559082,1156.5427246,0.0013428,0.0163574,0.0542119,15.2629347,3.0096319,12.2533026,1.0,6.0,6.0,2.0,25.488288000051398,650,650.0,1.0,,,
285,290298.0,290317.0,1159.9749756,1159.9987793,1159.9783936,0.003418,0.0203857,0.0174326,7.3137174,1.4201922,5.8935251,1.0,6.0,6.0,2.0,34.27732799988007,658,658.0,1.0,,,
286,290454.0,290481.0,1160.092041,1160.1112061,1160.1015625,0.0095215,0.0096436,0.0047823,1.2191459,0.3573515,0.8617945,1.0,6.0,6.0,1.0,27.597743999685918,660,660.0,2.0,,,
287,291546.0,291574.0,1165.3551025,1165.3756104,1165.3564453,0.0013428,0.019165,0.0082071,2.7892785,0.1138733,2.675405,1.0,6.0,6.0,1.0,29.531375999977172,663,663.0,2.0,,,
288,292129.0,292150.0,1165.7597656,1165.7740479,1165.7617188,0.0019531,0.0123291,0.0174511,5.2453613,0.6389338,4.6064277,1.0,6.0,6.0,2.0,20.56651199982298,664,664.0,1.0,,,
289,295773.0,295814.0,1168.3425293,1168.3718262,1168.3446045,0.0020752,0.0272217,0.039884,18.320219,1.138034,17.1821842,1.0,6.0,6.0,2.0,42.187535999946704,672,672.0,1.0,,,
290,296231.0,296255.0,1168.6572266,1168.673584,1168.6585693,0.0013428,0.0150146,0.0053852,1.160776,0.1067731,1.0540029,1.0,6.0,6.0,2.0,23.554655999760143,673,673.0,2.0,,,
291,299080.0,299104.0,1170.6291504,1170.6461182,1170.6304932,0.0013428,0.015625,0.022354,6.7481432,0.7722026,5.9759407,1.0,6.0,6.0,1.0,24.433631999963836,675,675.0,1.0,,,
292,299998.0,300046.0,1171.260498,1171.2939453,1171.2618408,0.0013428,0.0321045,0.017336,10.5848703,0.4452724,10.1395979,1.0,6.0,6.0,2.0,48.16411199972208,678,678.0,2.0,,,
293,301191.0,301219.0,1172.1105957,1172.1309814,1172.1153564,0.0047607,0.015625,0.0084169,5.1514339,1.0319127,4.1195211,1.0,6.0,6.0,2.0,29.355408000192256,679,679.0,1.0,,,
294,302074.0,302094.0,1172.7160645,1172.7303467,1172.7174072,0.0013428,0.0129395,0.0119833,4.0860691,0.1979509,3.8881183,1.0,6.0,6.0,1.0,20.566368000036164,682,682.0,1.0,,,
295,302418.0,302445.0,1172.953125,1172.972168,1172.9544678,0.0013428,0.0177002,0.0268975,8.959177,1.6188294,7.3403473,1.0,6.0,6.0,2.0,27.421920000015234,683,683.0,1.0,,,
296,302581.0,302601.0,1173.0655518,1173.079834,1173.0668945,0.0013428,0.0129395,0.0143335,2.9178836,0.8852409,2.0326428,1.0,6.0,6.0,1.0,20.566367999708746,684,684.0,1.0,,,
297,303014.0,303035.0,1173.3618164,1173.3760986,1173.3638916,0.0020752,0.012207,0.0160666,3.222558,0.6432488,2.5793095,1.0,6.0,6.0,1.0,20.566368000036164,686,686.0,1.0,,,
298,304882.0,304938.0,1174.6497803,1174.6885986,1174.6531982,0.003418,0.0354004,0.0297428,16.3449745,4.2250175,12.119957,1.0,6.0,6.0,2.0,55.8983520000038,691,691.0,1.0,,,
299,305405.0,305438.0,1175.0183105,1175.0415039,1175.0203857,0.0020752,0.0211182,0.0668477,26.6060009,4.2753358,22.3306656,1.0,6.0,6.0,2.0,33.39849599979061,692,692.0,1.0,,,
300,308560.0,308586.0,1178.175415,1178.194458,1178.1767578,0.0013428,0.0177002,0.0484408,15.3467722,1.3856934,13.9610786,1.0,6.0,6.0,1.0,27.421920000015234,695,695.0,1.0,,,
301,308596.0,308618.0,1178.2012939,1178.2161865,1178.2039795,0.0026855,0.012207,0.0109916,3.4032972,1.371483,2.0318143,1.0,6.0,6.0,1.0,21.44534399991244,696,696.0,2.0,,,
302,311343.0,311369.0,1182.8928223,1182.9105225,1182.8942871,0.0014648,0.0162354,0.0114164,3.7247605,0.4870763,3.2376842,1.0,6.0,6.0,1.0,25.488288000051398,699,699.0,1.0,,,
303,311393.0,311432.0,1182.9283447,1182.954834,1182.9310303,0.0026855,0.0238037,0.0133029,0.479682,0.6170067,-0.1373247,1.0,6.0,6.0,1.0,38.144591999807744,700,700.0,1.0,,,
304,311438.0,311472.0,1182.9589844,1182.9820557,1182.9616699,0.0026855,0.0203857,0.0328644,9.1040249,2.3986259,6.7053995,1.0,6.0,6.0,1.0,33.22267200011993,701,701.0,1.0,,,
305,311641.0,311669.0,1183.0985107,1183.1176758,1183.1013184,0.0028076,0.0163574,0.0244606,6.7647066,2.3429739,4.4217329,1.0,6.0,6.0,1.0,27.597744000013336,702,702.0,1.0,,,
306,312079.0,312107.0,1183.3989258,1183.4179688,1183.4023438,0.003418,0.015625,0.0129337,5.8421702,2.0312166,3.8109539,1.0,6.0,6.0,2.0,27.421920000015234,703,703.0,1.0,,,
307,315074.0,315097.0,1188.0981445,1188.1137695,1188.1000977,0.0019531,0.0136719,0.0079484,2.7728798,0.5074366,2.2654431,1.0,6.0,6.0,2.0,22.5,710,710.0,1.0,,,
308,315400.0,315459.0,1188.3208008,1188.3624268,1188.322876,0.0020752,0.0395508,0.0475731,24.1604424,2.6488407,21.5116005,1.0,6.0,6.0,2.0,59.94144000025699,711,711.0,1.0,,,
309,315558.0,315628.0,1188.4298096,1188.4775391,1188.4332275,0.003418,0.0443115,0.0844053,33.4476852,7.5594149,25.8882694,1.0,6.0,6.0,4.0,68.73048000008566,712,712.0,1.0,,,
310,316020.0,316042.0,1188.7452393,1188.7601318,1188.746582,0.0013428,0.0135498,0.0037115,1.097363,0.1947013,0.9026617,1.0,6.0,6.0,1.0,21.445199999798206,713,713.0,2.0,,,
311,316450.0,316477.0,1189.0394287,1189.0584717,1189.0407715,0.0013428,0.0177002,0.0115034,4.0532885,0.6614912,3.3917975,1.0,6.0,6.0,1.0,27.421920000015234,714,714.0,1.0,,,
312,316698.0,316724.0,1189.2104492,1189.2281494,1189.2124023,0.0019531,0.0157471,0.0133921,4.3312025,0.9550276,3.3761749,1.0,6.0,6.0,1.0,25.48828799972398,715,715.0,1.0,,,
313,316783.0,316805.0,1189.2683105,1189.2833252,1189.2717285,0.003418,0.0115967,0.0054374,2.5987098,1.063622,1.5350878,1.0,6.0,6.0,1.0,21.62116799991054,716,716.0,1.0,,,
314,317278.0,317314.0,1189.6088867,1189.6340332,1189.6123047,0.003418,0.0217285,0.0092759,4.8771725,0.9370126,3.94016,1.0,6.0,6.0,1.0,36.21095999984391,717,717.0,1.0,,,
315,318693.0,318735.0,1190.5802002,1190.6094971,1190.5836182,0.003418,0.0258789,0.0198875,8.9251785,2.180305,6.744873,1.0,6.0,6.0,2.0,42.187535999946704,718,718.0,1.0,,,
316,319192.0,319214.0,1190.9234619,1190.9384766,1190.9255371,0.0020752,0.0129395,0.0111337,2.8838813,0.6810848,2.2027965,1.0,6.0,6.0,1.0,21.621168000237958,719,719.0,1.0,,,
317,319407.0,319432.0,1191.0794678,1191.0964355,1191.0808105,0.0013428,0.015625,0.0154803,4.3583727,0.5071755,3.851197,1.0,6.0,6.0,1.0,24.43348800017702,720,720.0,1.0,,,
318,319444.0,319464.0,1191.1046143,1191.1188965,1191.1074219,0.0028076,0.0114746,0.0052428,1.6302743,0.5723631,1.0579112,1.0,6.0,6.0,1.0,20.566367999708746,721,721.0,1.0,,,
319,319552.0,319585.0,1191.1795654,1191.2041016,1191.1816406,0.0020752,0.0224609,0.0147707,7.0040174,0.4131443,6.5908732,1.0,6.0,6.0,2.0,35.332128000081866,722,722.0,1.0,,,
320,320208.0,320229.0,1191.6345215,1191.6508789,1191.6379395,0.003418,0.0129395,0.0063639,2.453058,0.4795371,1.973521,1.0,6.0,6.0,1.0,23.55465600008756,723,723.0,1.0,,,
321,321950.0,321980.0,1192.8571777,1192.8782959,1192.8599854,0.0028076,0.0183105,0.0337931,10.0036955,4.9476662,5.0560288,1.0,6.0,6.0,1.0,30.410208000066632,724,724.0,1.0,,,
322,322594.0,322663.0,1193.2978516,1193.3455811,1193.314209,0.0163574,0.0313721,0.0487209,21.0191231,2.7489283,18.2701931,1.0,6.0,6.0,3.0,68.73047999975824,725,725.0,1.0,,,
323,323013.0,323059.0,1193.5847168,1193.6166992,1193.5880127,0.0032959,0.0286865,0.010691,6.1820993,0.8098264,5.372273,1.0,6.0,6.0,2.0,46.05465600008756,727,727.0,1.0,,,
324,325221.0,325262.0,1195.1274414,1195.1560059,1195.1315918,0.0041504,0.0244141,0.0113154,5.1772561,0.9920424,4.1852136,1.0,6.0,6.0,1.0,41.13288000018656,731,731.0,1.0,,,
325,327341.0,327365.0,1196.5830078,1196.600708,1196.5864258,0.003418,0.0142822,0.0129597,3.8440962,1.2449282,2.5991678,1.0,6.0,6.0,1.0,25.488288000051398,735,735.0,1.0,,,
326,327572.0,327596.0,1196.7424316,1196.7593994,1196.7445068,0.0020752,0.0148926,0.0099585,3.0294797,0.997264,2.0322156,1.0,6.0,6.0,1.0,24.433631999963836,736,736.0,1.0,,,
327,327623.0,327660.0,1196.777832,1196.8037109,1196.7819824,0.0041504,0.0217285,0.036945,10.0057974,3.7221241,6.2836733,1.0,6.0,6.0,1.0,37.26561599993147,737,737.0,1.0,,,
328,328852.0,328918.0,1197.7988281,1197.8444824,1197.8022461,0.003418,0.0422363,0.1493597,60.4517288,14.2109766,46.2407532,1.0,6.0,6.0,2.0,65.74219200003427,740,740.0,1.0,,,
329,329076.0,329130.0,1197.954834,1197.9923096,1197.9561768,0.0013428,0.0361328,0.0364739,12.2269297,1.9424202,10.2845087,1.0,6.0,6.0,2.0,53.96486400015419,742,742.0,1.0,,,
330,331281.0,331305.0,1199.4663086,1199.482666,1199.4724121,0.0061035,0.0102539,0.0115396,1.4106992,0.4413049,0.9693944,1.0,6.0,6.0,1.0,23.55465600008756,743,743.0,2.0,,,
331,333946.0,333969.0,1201.3817139,1201.3973389,1201.3830566,0.0013428,0.0142822,0.0104111,2.2821333,0.3096588,1.9724745,1.0,6.0,6.0,2.0,22.5,748,748.0,1.0,,,
332,334698.0,334721.0,1201.8973389,1201.9129639,1201.8986816,0.0013428,0.0142822,0.0094617,2.435411,0.2830564,2.1523545,1.0,6.0,6.0,1.0,22.5,751,751.0,1.0,,,
333,337494.0,337534.0,1203.8276367,1203.8562012,1203.8297119,0.0020752,0.0264893,0.017163,7.9544659,1.5626286,6.3918371,1.0,6.0,6.0,2.0,41.13287999985914,754,754.0,1.0,,,
334,338013.0,338035.0,1204.1845703,1204.199585,1204.1866455,0.0020752,0.0129395,0.0132681,1.9537393,0.3634489,1.5902904,1.0,6.0,6.0,1.0,21.621168000237958,755,755.0,1.0,,,
335,338489.0,338512.0,1204.512207,1204.527832,1204.5142822,0.0020752,0.0135498,0.0173727,3.9394052,1.2317501,2.707655,1.0,6.0,6.0,1.0,22.5,756,756.0,1.0,,,
336,338851.0,338881.0,1204.7601318,1204.78125,1204.7614746,0.0013428,0.0197754,0.0378473,10.8396959,0.955672,9.8840237,1.0,6.0,6.0,2.0,30.410208000066632,757,757.0,1.0,,,
337,340127.0,340149.0,1205.635376,1205.6503906,1205.6367188,0.0013428,0.0136719,0.007529,1.8608681,0.1062253,1.7546428,1.0,6.0,6.0,2.0,21.621024000123725,759,759.0,1.0,,,
338,340559.0,340582.0,1206.0065918,1206.0223389,1206.008667,0.0020752,0.0136719,0.0158257,4.4345222,1.2019007,3.2326217,1.0,6.0,6.0,1.0,22.6758239999981,761,761.0,1.0,,,
339,340739.0,340760.0,1206.1306152,1206.1448975,1206.131958,0.0013428,0.0129395,0.0134135,2.2062221,0.4074724,1.7987496,1.0,6.0,6.0,1.0,20.566512000150396,762,762.0,1.0,,,
340,342637.0,342666.0,1207.4335938,1207.4533691,1207.4356689,0.0020752,0.0177002,0.0155946,6.7007952,1.278286,5.4225092,1.0,6.0,6.0,2.0,28.476431999988563,763,763.0,1.0,,,
341,342889.0,342925.0,1207.605957,1207.6311035,1207.609375,0.003418,0.0217285,0.0138358,6.2835426,1.1497948,5.1337476,1.0,6.0,6.0,2.0,36.210960000171326,764,764.0,1.0,,,
342,343905.0,343947.0,1208.3034668,1208.3327637,1208.3068848,0.003418,0.0258789,0.0217621,11.8967409,3.0167658,8.8799753,1.0,6.0,6.0,2.0,42.187535999946704,766,766.0,1.0,,,
343,344106.0,344141.0,1208.4417725,1208.4661865,1208.4450684,0.0032959,0.0211182,0.0362404,8.4351759,2.7827396,5.6524367,1.0,6.0,6.0,1.0,35.15615999996953,767,767.0,1.0,,,
344,344402.0,344443.0,1208.6459961,1208.6746826,1208.6494141,0.003418,0.0252686,0.0144216,8.5001049,1.1286075,7.3714972,1.0,6.0,6.0,1.0,41.30856000007043,768,768.0,1.0,,,
345,345543.0,345582.0,1209.440918,1209.4675293,1209.4429932,0.0020752,0.0245361,0.0132942,7.312995,0.8923429,6.4206519,1.0,6.0,6.0,2.0,38.32027200001903,770,770.0,1.0,,,
346,346582.0,346605.0,1210.1540527,1210.1697998,1210.1561279,0.0020752,0.0136719,0.0106453,3.2876792,0.45786,2.8298192,1.0,6.0,6.0,2.0,22.6758239999981,772,772.0,1.0,,,
347,346869.0,346896.0,1210.3502197,1210.3693848,1210.3516846,0.0014648,0.0177002,0.0138133,4.8984289,0.9092011,3.9892275,1.0,6.0,6.0,2.0,27.597744000013336,773,773.0,1.0,,,
348,347442.0,347493.0,1210.7480469,1210.7834473,1210.7501221,0.0020752,0.0333252,0.1227506,27.7718334,3.5818853,24.189949,1.0,6.0,6.0,2.0,50.976576000102796,774,774.0,1.0,,,
349,347774.0,347837.0,1210.9776611,1211.0218506,1210.980957,0.0032959,0.0408936,0.057304,18.2053356,3.363121,14.8422146,1.0,6.0,6.0,2.0,63.63288000018656,775,775.0,1.0,,,
350,348496.0,348520.0,1211.4748535,1211.4918213,1211.4761963,0.0013428,0.015625,0.0080835,3.5646598,0.5295366,3.0351233,1.0,6.0,6.0,1.0,24.433631999963836,776,776.0,1.0,,,
351,349346.0,349375.0,1212.0681152,1212.0878906,1212.0701904,0.0020752,0.0177002,0.0122777,3.0549927,0.5077365,2.5472562,1.0,6.0,6.0,1.0,28.476576000102796,777,777.0,1.0,,,
352,350237.0,350286.0,1212.6784668,1212.7138672,1212.6818848,0.003418,0.0319824,0.0359226,15.6102657,2.5592186,13.0510464,1.0,6.0,6.0,2.0,50.976576000102796,778,778.0,1.0,,,
353,355262.0,355289.0,1216.8702393,1216.8892822,1216.8729248,0.0026855,0.0163574,0.0239154,7.209887,1.6969229,5.5129642,1.0,5.0,5.0,2.0,27.421775999901,783,783.0,1.0,,,
354,357027.0,357063.0,1218.1595459,1218.1848145,1218.1629639,0.003418,0.0218506,0.0175128,11.0243549,1.716804,9.3075514,1.0,5.0,5.0,3.0,36.38678399984201,784,784.0,1.0,,,
355,358756.0,358799.0,1219.3475342,1219.3768311,1219.3496094,0.0020752,0.0272217,0.0124047,3.1044636,0.7737589,2.3307047,1.0,5.0,5.0,1.0,42.187535999946704,788,788.0,1.0,,,
356,362020.0,362044.0,1221.6634521,1221.6804199,1221.6647949,0.0013428,0.015625,0.0123062,3.7224317,0.7618449,2.9605868,1.0,5.0,5.0,1.0,24.433631999963836,793,793.0,1.0,,,
357,362898.0,362956.0,1222.2655029,1222.3063965,1222.2675781,0.0020752,0.0388184,0.0912232,45.624157,5.2338367,40.3903198,1.0,5.0,5.0,2.0,58.88678399984201,794,794.0,1.0,,,
358,363011.0,363037.0,1222.3438721,1222.3615723,1222.34729,0.003418,0.0142822,0.0070749,2.5169485,0.5417644,1.975184,1.0,5.0,5.0,1.0,25.488288000051398,795,795.0,1.0,,,
359,363330.0,363396.0,1222.5618896,1222.6081543,1222.5802002,0.0183105,0.0279541,0.2605805,71.0683517,34.7520905,36.3162613,1.0,5.0,5.0,1.0,66.62116799991054,796,796.0,2.0,,,
360,365114.0,365154.0,1223.7954102,1223.8226318,1223.7988281,0.003418,0.0238037,0.0133582,10.9561329,1.2997663,9.6563663,1.0,5.0,5.0,2.0,39.19910399978107,798,798.0,1.0,,,
361,369577.0,369598.0,1226.8959961,1226.9102783,1226.8980713,0.0020752,0.012207,0.0092268,2.3839645,0.4701473,1.9138172,1.0,5.0,5.0,1.0,20.566368000036164,801,801.0,1.0,,,
362,371373.0,371442.0,1228.1342773,1228.1812744,1228.1384277,0.0041504,0.0428467,0.0736247,31.9998341,5.5099044,26.4899292,1.0,5.0,5.0,2.0,67.6758239999981,804,804.0,1.0,,,
363,371507.0,371530.0,1228.2261963,1228.2419434,1228.2276611,0.0014648,0.0142822,0.0118133,3.5828335,0.3034587,3.2793748,1.0,5.0,5.0,2.0,22.6758239999981,805,805.0,1.0,,,
364,372026.0,372051.0,1228.5817871,1228.5994873,1228.5845947,0.0028076,0.0148926,0.0140047,4.695281,1.30866,3.386621,1.0,5.0,5.0,1.0,25.488288000051398,806,806.0,1.0,,,
365,372446.0,372494.0,1228.9312744,1228.9645996,1228.9346924,0.003418,0.0299072,0.0225889,9.8116913,2.8185005,6.9931903,1.0,5.0,5.0,2.0,47.9882880000514,808,808.0,2.0,,,
366,374220.0,374250.0,1230.1634521,1230.1845703,1230.1674805,0.0040283,0.0170898,0.0117228,4.8118095,0.9354724,3.8763373,1.0,5.0,5.0,1.0,30.410207999739214,809,809.0,1.0,,,
367,375936.0,375957.0,1231.3397217,1231.354126,1231.3417969,0.0020752,0.0123291,0.0221727,4.472611,1.4647504,3.0078604,1.0,5.0,5.0,1.0,20.742192000034265,811,811.0,1.0,,,
368,379929.0,379954.0,1234.1577148,1234.175415,1234.1617432,0.0040283,0.0136719,0.010119,4.4819427,1.9283385,2.5536044,1.0,5.0,5.0,1.0,25.488288000051398,817,817.0,1.0,,,
369,381086.0,381107.0,1234.9559326,1234.9703369,1234.9580078,0.0020752,0.0123291,0.0203796,4.6046472,0.7563198,3.8483274,1.0,5.0,5.0,1.0,20.742191999706847,818,818.0,1.0,,,
370,383327.0,383355.0,1236.5634766,1236.583252,1236.5648193,0.0013428,0.0184326,0.0129115,3.631578,0.3743742,3.2572038,1.0,5.0,5.0,1.0,28.476575999775378,819,819.0,1.0,,,
371,384086.0,384130.0,1237.0838623,1237.1152344,1237.0880127,0.0041504,0.0272217,0.0237369,11.6518545,1.2925632,10.3592911,1.0,5.0,5.0,2.0,45.1758239999981,820,820.0,1.0,,,
372,384259.0,384280.0,1237.2044678,1237.2194824,1237.2058105,0.0013428,0.0136719,0.0083591,1.8463609,0.4222569,1.4241041,1.0,5.0,5.0,1.0,21.621024000123725,821,821.0,1.0,,,
373,385217.0,385246.0,1237.8631592,1237.8829346,1237.8658447,0.0026855,0.0170898,0.0180425,6.3239388,1.4433388,4.8806,1.0,5.0,5.0,1.0,28.476576000102796,823,823.0,1.0,,,
374,386182.0,386202.0,1238.5279541,1238.5422363,1238.5292969,0.0013428,0.0129395,0.0246177,5.1506829,1.3931204,3.7575626,1.0,5.0,5.0,1.0,20.566368000036164,826,826.0,1.0,,,
375,387709.0,387729.0,1239.585083,1239.5993652,1239.5864258,0.0013428,0.0129395,0.0175894,4.8223209,0.9466484,3.8756726,1.0,5.0,5.0,1.0,20.566368000036164,827,827.0,1.0,,,
376,389363.0,389385.0,1240.7266846,1240.7423096,1240.7280273,0.0013428,0.0142822,0.0101891,3.6885476,0.6294494,3.0590982,1.0,5.0,5.0,1.0,22.5,829,829.0,1.0,,,
377,389757.0,389791.0,1240.9984131,1241.0216064,1241.0012207,0.0028076,0.0203857,0.0115194,3.3999238,0.5445927,2.8553309,1.0,5.0,5.0,1.0,33.3983520000038,830,830.0,1.0,,,
378,390055.0,390089.0,1241.2041016,1241.2280273,1241.2069092,0.0028076,0.0211182,0.0210557,8.1176157,1.8917611,6.2258544,1.0,5.0,5.0,2.0,34.45300799976394,832,832.0,1.0,,,
379,392084.0,392113.0,1242.6489258,1242.6700439,1242.6502686,0.0013428,0.0197754,0.0346339,10.706233,2.0570672,8.6491661,1.0,5.0,5.0,1.0,30.410064000279817,835,835.0,1.0,,,
380,394137.0,394158.0,1244.0629883,1244.0772705,1244.0649414,0.0019531,0.0123291,0.0056285,2.0039606,0.1978408,1.8061198,1.0,5.0,5.0,1.0,20.566368000036164,838,838.0,1.0,,,
381,394892.0,394944.0,1244.5819092,1244.6187744,1244.5853271,0.003418,0.0334473,0.0157106,10.8407269,1.2665675,9.5741596,1.0,5.0,5.0,2.0,53.0858879999505,840,840.0,1.0,,,
382,399701.0,399729.0,1248.8078613,1248.8275146,1248.8098145,0.0019531,0.0177002,0.0200042,5.344388,1.1461148,4.1982732,1.0,5.0,5.0,1.0,28.300752000104694,842,842.0,1.0,,,
383,399821.0,399859.0,1248.8902588,1248.9174805,1248.8936768,0.003418,0.0238037,0.0279035,17.3462086,2.6108308,14.7353773,1.0,5.0,5.0,3.0,39.199247999895306,844,844.0,1.0,,,
384,400356.0,400377.0,1249.2614746,1249.2757568,1249.262085,0.0006104,0.0136719,0.0111683,3.3722739,0.2824332,3.0898407,1.0,5.0,5.0,1.0,20.566368000036164,846,846.0,1.0,,,
385,401376.0,401399.0,1249.9609375,1249.9766846,1249.9624023,0.0014648,0.0142822,0.016734,4.6964235,0.439196,4.2572274,1.0,5.0,5.0,1.0,22.6758239999981,848,848.0,1.0,,,
386,401670.0,401733.0,1250.1633301,1250.2069092,1250.1652832,0.0019531,0.041626,0.0273249,17.4002914,0.6369394,16.7633514,1.0,5.0,5.0,2.0,62.75390399998287,849,849.0,1.0,,,
387,401931.0,401978.0,1250.3417969,1250.3737793,1250.3444824,0.0026855,0.0292969,0.0273894,14.7833729,1.5813988,13.2019739,1.0,5.0,5.0,2.0,46.05465600008756,850,850.0,1.0,,,
388,402267.0,402299.0,1250.5726318,1250.5944824,1250.5760498,0.003418,0.0184326,0.0230848,9.0726881,1.7466536,7.326035,1.0,5.0,5.0,1.0,31.464864000154193,851,851.0,1.0,,,
389,402478.0,402499.0,1250.7265625,1250.7408447,1250.7279053,0.0013428,0.0129395,0.0082675,2.6681623,0.3285975,2.3395648,1.0,5.0,5.0,1.0,20.566368000036164,853,853.0,1.0,,,
390,403245.0,403294.0,1251.2531738,1251.2872314,1251.2565918,0.003418,0.0306396,0.0357229,13.4123125,2.3026464,11.1096668,1.0,5.0,5.0,2.0,49.04294400013896,856,856.0,2.0,,,
391,404326.0,404353.0,1251.9969482,1252.0159912,1251.9996338,0.0026855,0.0163574,0.0088657,3.4010184,0.6227584,2.7782602,1.0,5.0,5.0,1.0,27.421920000015234,857,857.0,1.0,,,
392,409282.0,409323.0,1255.4095459,1255.4373779,1255.4162598,0.0067139,0.0211182,0.0134847,8.3776579,1.4125973,6.9650607,1.0,5.0,5.0,2.0,40.078079999984766,864,864.0,1.0,,,
393,409451.0,409482.0,1255.5246582,1255.5471191,1255.5341797,0.0095215,0.0129395,0.0088145,2.7091677,0.7312522,1.9779156,1.0,5.0,5.0,2.0,32.343695999916235,865,865.0,2.0,,,
394,410484.0,410509.0,1256.2357178,1256.2528076,1256.2370605,0.0013428,0.0157471,0.0076483,1.9198195,0.1680507,1.7517688,1.0,5.0,5.0,1.0,24.609312000175123,866,866.0,2.0,,,
395,412639.0,412701.0,1257.7226562,1257.7683105,1257.727417,0.0047607,0.0408936,0.0450666,39.6335678,3.3932729,36.2402954,1.0,5.0,5.0,4.0,65.74219200003427,869,869.0,1.0,,,
396,416517.0,416542.0,1260.3920898,1260.40979,1260.3934326,0.0013428,0.0163574,0.032895,8.5572786,0.941851,7.615428,1.0,5.0,5.0,1.0,25.488288000051398,873,873.0,1.0,,,
397,417169.0,417207.0,1260.8388672,1260.8654785,1260.8409424,0.0020752,0.0245361,0.0333396,10.8778753,0.8342274,10.0436478,1.0,5.0,5.0,2.0,38.32027200001903,875,875.0,1.0,,,
398,420932.0,420957.0,1263.4333496,1263.4510498,1263.4361572,0.0028076,0.0148926,0.0081974,3.9724777,0.9702014,3.0022762,1.0,5.0,5.0,1.0,25.488288000051398,879,879.0,1.0,,,
399,421646.0,421674.0,1263.9238281,1263.9428711,1263.9259033,0.0020752,0.0169678,0.0274724,6.6057987,1.7867222,4.8190765,1.0,5.0,5.0,1.0,27.421920000015234,881,881.0,1.0,,,
400,421834.0,421865.0,1264.0526123,1264.0737305,1264.0545654,0.0019531,0.019165,0.0254252,6.104115,1.3685,4.7356153,1.0,5.0,5.0,2.0,30.410208000066632,882,882.0,1.0,,,
401,423305.0,423332.0,1265.0640869,1265.0823975,1265.0654297,0.0013428,0.0169678,0.0178742,4.1250958,0.6703091,3.454787,1.0,5.0,5.0,2.0,26.36726400025509,883,883.0,1.0,,,
402,423966.0,423998.0,1265.5272217,1265.5490723,1265.5292969,0.0020752,0.0197754,0.01981,6.5183282,0.9744258,5.5439024,1.0,5.0,5.0,1.0,31.464864000154193,884,884.0,1.0,,,
403,424647.0,424668.0,1265.996582,1266.0108643,1265.9979248,0.0013428,0.0129395,0.0130181,3.0427337,0.3735715,2.6691623,1.0,5.0,5.0,1.0,20.566512000150396,885,885.0,1.0,,,
404,425447.0,425481.0,1266.546875,1266.5700684,1266.5516357,0.0047607,0.0184326,0.017389,6.4258952,1.5879494,4.8379459,1.0,5.0,5.0,1.0,33.39849600011803,886,886.0,1.0,,,
405,425539.0,425605.0,1266.6123047,1266.6585693,1266.6374512,0.0251465,0.0211182,0.0295164,14.4730473,5.1611233,9.311924,1.0,5.0,5.0,2.0,66.62102399979631,887,887.0,2.0,,,
406,426327.0,426352.0,1267.1564941,1267.1741943,1267.1599121,0.003418,0.0142822,0.0080538,4.2607312,1.1818334,3.0788977,1.0,5.0,5.0,1.0,25.488288000051398,890,890.0,2.0,,,
407,426501.0,426522.0,1267.3186035,1267.3330078,1267.3206787,0.0020752,0.0123291,0.0092568,1.9817743,0.4771722,1.5046021,1.0,5.0,5.0,1.0,20.742191999706847,891,891.0,1.0,,,
408,427299.0,427319.0,1267.866333,1267.8806152,1267.869751,0.003418,0.0108643,0.0072746,2.2477295,0.5713591,1.6763705,1.0,5.0,5.0,1.0,20.566368000036164,892,892.0,1.0,,,
409,429418.0,429438.0,1269.7987061,1269.8129883,1269.8000488,0.0013428,0.0129395,0.0067507,2.5983236,0.3526759,2.2456477,1.0,5.0,5.0,1.0,20.566368000036164,893,893.0,1.0,,,
410,432110.0,432143.0,1271.6547852,1271.6773682,1271.6568604,0.0020752,0.0205078,0.0123925,4.421083,0.3669984,4.0540843,1.0,5.0,5.0,2.0,32.51951999991434,895,895.0,1.0,,,
411,432246.0,432279.0,1271.7474365,1271.7706299,1271.7508545,0.003418,0.0197754,0.0215457,7.0942597,1.3868219,5.707438,1.0,5.0,5.0,1.0,33.39849599979061,896,896.0,1.0,,,
412,432724.0,432752.0,1272.0744629,1272.0935059,1272.076416,0.0019531,0.0170898,0.0260303,6.1933231,0.8008706,5.3924527,1.0,5.0,5.0,1.0,27.421920000015234,898,898.0,1.0,,,
413,433239.0,433296.0,1272.4272461,1272.4674072,1272.4312744,0.0040283,0.0361328,0.0170642,12.9370756,2.246335,10.6907406,1.0,5.0,5.0,3.0,57.83198399996763,900,900.0,1.0,,,
